Title,Start Date,End Date,Description,Venue,Address,City,Postal Code,Country,Organizer,Website,Categories,Image URL,Source URL
Les Escales de la Rodia,2024-05-24T00:00:00+02:00,2024-06-21T23:59:59+02:00,"Du 24 mai au 21 juin, c’est le retour des Escales à la Rodia.  Au coeur de la ville, l’équipe vous prépare un mois de découvertes musicales et de détente.",Terrasse de la Rodia,4 Avenue Chardonnet,Besançon,25000,France,La Rodia,N/A,Spectacle,https://sortir.besancon.fr/wp-content/uploads/2024/04/393379320_707969071363312_3323575396836750880_n.jpg,https://sortir.besancon.fr/evenement/198176/
Ulysse de James Joyce,2024-05-27T00:00:00+02:00,2024-06-09T23:59:59+02:00,Spectacle Ulysse de James Joyce.,Fort de Chaudanne,Fort de Chaudanne,Besançon,25000,France,Théâtre Alcyon,N/A,Spectacle,https://sortir.besancon.fr/wp-content/uploads/2024/05/Affiche_Joyce_508-e1715356197376.jpg,https://sortir.besancon.fr/evenement/ulysse-de-james-joyce/
Kin’Gongolo Kiniata + Zo,2024-06-05T00:00:00+02:00,N/A,"Les congolais de Kin’Gongolo Kiniata sont un véritable phénomène. Nourris par les ambiances sonores de Kinshasa, ils traduisent la vie frénétique de ces rues dans leur musique. Ils fabriquent eux-mêmes leurs instruments avec des objets qu’ils recyclent et explorent les textures sonores pour produire un rock-électro-congolais imparable. Pour cette soirée à la Rodia, ils seront rejoints sur scène pour quelques morceaux par les bisontins de Greenshop, qu’ils ont rencontré au Congo dans le cadre du projet « Besakin » qui relie Besançon à la capitale congolaise.",Terrasse de la Rodia,4 Avenue Chardonnet,Besançon,25000,France,La Rodia,https://larodia.com/agenda/kingongolo-kiniata-zo-dj-set/,Spectacle,https://sortir.besancon.fr/wp-content/uploads/2024/04/b0006438-800x800-1.jpg,https://sortir.besancon.fr/evenement/kingongolo-kiniata-zo-zo/
Lux Aeterna,2024-06-05T00:00:00+02:00,N/A,Musique sacrée et chants spirituels.,Chapelle du centre diocesain,20 rue mégevand,Besançon,25000,N/A,N/A,N/A,Spectacle,https://sortir.besancon.fr/wp-content/uploads/2024/05/2-6.jpg,https://sortir.besancon.fr/evenement/lux-aeterna/
Georges Kaplan de Frédéric Sonntag,2024-06-05T00:00:00+02:00,N/A,Pièce de théâtre avec les élèves comédiens du Conservatoire.,Auditorium du Conservatoire,1 Passage des Arts,Besançon,25000,France,Conservatoire du Grand Besançon Métropole,https://conservatoire.grandbesancon.fr/agenda/,Spectacle,https://sortir.besancon.fr/wp-content/uploads/2024/05/KAPLAN.jpg,https://sortir.besancon.fr/evenement/georges-kaplan-de-frederic-sonntag/
Scat-Noizet,2024-06-05T00:00:00+02:00,N/A,"Un spectacle tout en rythme qui décoiffe Tchaïkovski ! Par le Jeune ensemble vocal & Choeur d’enfants avec musiciens, narrateur & comédien.
Direction : Edlira Priftuli",Théâtre Ledoux,Rue Megevand,Besançon,25000,N/A,Conservatoire du Grand Besançon Métropole,https://conservatoire.grandbesancon.fr/agenda/,Spectacle,https://sortir.besancon.fr/wp-content/uploads/2024/05/Scat-noizet.jpg,https://sortir.besancon.fr/evenement/scat-noizet/
Hommage à Daniel Darc,2024-06-06T00:00:00+02:00,N/A,"Compositeur, producteur et arrangeur de haut vol, Frédéric Lo représente pour beaucoup l’un des hommes clés des emblématiques Crèvecœur etAmours Suprêmes de Daniel Darc. S’il participa en effet activement au retour en forme de l’ancien Taxi Girl, le parcours de ce discret artisan de la pop d’ici ne saurait se résumer à cette unique collaboration. De Dani à Peter Doherty, en passant par Alex Beaupain ou Bill Pritchard, le nom de Frédéric Lo résonne tout particulièrement chez les amateurs de chansons ouvragées.",Terrasse de la Rodia,4 Avenue Chardonnet,Besançon,25000,France,La Rodia,N/A,Spectacle,https://sortir.besancon.fr/wp-content/uploads/2024/04/frederic-lo-800x800-1.jpg,https://sortir.besancon.fr/evenement/hommage-a-daniel-darc/
Présentation de la programmation de la 77ème édition du Festival de musique,2024-06-06T00:00:00+02:00,N/A,"A l’occasion d’une soirée festive, Jean-Michel Mathé, directeur du Festival international de musique de Besançon présentera la programmation de la 77e édition du Festival.",Théâtre Ledoux,Rue Megevand,Besançon,25000,N/A,Festival International de musique,https://festival-besancon.com/presentation-de-la-programmation-2024/?utm_source=brevo&utm_campaign=N_MAI_24&utm_medium=email,Spectacle,https://sortir.besancon.fr/wp-content/uploads/2024/05/Sans-titre-2.jpg,https://sortir.besancon.fr/evenement/presentation-de-la-programmation-de-la-77eme-edition-du-festival-de-musique/
Marc-Antoine Le Bret,2024-06-06T00:00:00+02:00,N/A,Marc-Antoine Le Bret revient avec un nouveau spectacle : SOLO,Micropolis,3 Boulevard Ouest,Besançon,25000,France,NG productions,https://ngproductions.fr/spectacle/marc-antoine-le-bret/64f1b20d4fb49/,Spectacle,https://sortir.besancon.fr/wp-content/uploads/2023/09/Template-Affiche-Siteweb-MALB.jpg,https://sortir.besancon.fr/evenement/marc-antoine-le-bret/
Match d’improvisation jeunes : L’ARTI jeunes Auxons reçoit Besançon,2024-06-07T00:00:00+02:00,2024-06-08T23:59:59+02:00,"Ils sont jeunes et fringants, ensemble ils affûtent leur imaginaire en ateliers, et dans la patoche bientôt ils se rencontreront : venez assister au match jeunes ARTI Auxons contre jeunes ARTI Besançon
—–
VENDREDI 07 JUIN à 20h
Pôle sportif et de loisirs
Rue du Stade, 25870 Les Auxons
—–
TARIFS & BILLETTERIE
BILLETTERIE en ligne ouverte jusqu’au 07 juin à 12h -> accès via notre site web : ludi-arti.fr/ (lien cliquable en bio)
VENTE SUR PLACE des places restantes, le soir-même dès 19h30
Tarifs : 10€ Normal /7€ Réduit (étudiants, scolaires, demandeurs d’emploi) • +0,50 cts sur place
—–
ℹ️ Toute l’année, dates, billetterie & infos sur notre site ludi-arti.fr • Facebook / Instagram : “Impro Besançon” • Pour nous joindre en direct : 06 79 32 83 84
—–
MATCH D’IMPROVISATION
Imaginez un arbitre sévère, lançant des titres à deux équipes qui, après 20 secondes de réflexions, créent des histoires improvisées.
Imaginez-vous voter pour votre équipe préférée au cours d’un spectacle dynamique drôle et parfois poétique et fantastique.
Ou arrêtez d’imaginez, venez et vivez-le !
VENI, VIDI, ARTI !",Pôle sportif des Auxons,Pôle sportif des Auxons,Les Auxons,25870,France,ARTI,N/A,"Loisirs, Spectacle",https://sortir.besancon.fr/wp-content/uploads/2024/05/WhatsApp-Image-2024-05-08-a-14.14.39_e131faa8.jpg,https://sortir.besancon.fr/evenement/match-dimprovisation-jeunes-larti-jeunes-auxons-recoit-besancon/
concert du choeur  AIRS du TEMPS,2024-06-07T00:00:00+02:00,N/A,"Le chœur mixte bisontin « Airs du Temps », dirigé par Catherine Danielsen, donnera un concert à TORPES le 7 juin à 20h dans l’Eglise. Il sera gratuit.",Eglise de TORPES,eglise,TORPES,25320,N/A,choeur AIRS DU TEMPS,N/A,Spectacle,https://sortir.besancon.fr/wp-content/uploads/2024/05/Concerts-de-juin-copie.jpeg,https://sortir.besancon.fr/evenement/concert-du-choeur-airs-du-temps-3/
Les Petits Papiers,2024-06-07T00:00:00+02:00,N/A,"Spectacle d’improvisation théâtrale par Impro Show, avec Isobelle et Nikus.",Le Scènacle,6 Rue de la Vieille Monnaie,Besançon,25000,France,TEM Théâtre et Management,N/A,Spectacle,https://sortir.besancon.fr/wp-content/uploads/2024/03/Sans-titre-3.jpg,https://sortir.besancon.fr/evenement/spectacle-dimprovisation-theatrale-les-petits-papiers-5-avril-2024-le-scenacle-besancon/
Spectacle musical : Le tour du monde en 80 jours,2024-06-08T00:00:00+02:00,N/A,Spectacle musical proposé par l’orchestre Victor Hugo,Médiathèque Pierre Bayle,"27, Avenue de la République",Besançon,25000,France,Bibliothèques municipales de Besançon,https://bibliotheques.besancon.fr/,Spectacle,https://sortir.besancon.fr/wp-content/uploads/2024/05/Sortir-evenement-4.jpg,https://sortir.besancon.fr/evenement/spectacle-musical-le-tour-du-monde-en-80-jours/
Pan American Road + Pause déj musicale,2024-06-08T00:00:00+02:00,N/A,Formation associée par l’Orchestre Victor Hugo | Jean-François Verdier.,Théâtre Ledoux,Rue Megevand,Besançon,25000,N/A,Orchestre Victor Hugo Franche-Comté,https://www.orchestrevictorhugo.fr/concerts/pan-american-road/,Spectacle,https://sortir.besancon.fr/wp-content/uploads/2023/06/P6A5371cYves.Petit-paysage-1920x1280-1-e1688144530976.jpg,https://sortir.besancon.fr/evenement/pan-american-road-pause-dej-musicale/
Selva Sonora,2024-06-11T00:00:00+02:00,N/A,"Selva Sonora est un groupe créé en 2023 autour de Louise Munka, chanteuse-accordéoniste qui revisite à sa façon les musiques populaires sud-américaines : cumbia, joropo, valse…",Foyer de Jeunes Travailleurs les Oiseaux,48 Rue des Cras,Besançon,25000,France,FJT les Oiseaux,https://www.habitatjeuneslesoiseaux.fr/culture/concerts/article/cafarnaum,Spectacle,https://sortir.besancon.fr/wp-content/uploads/2024/05/selva.jpg,https://sortir.besancon.fr/evenement/selva-sonora/
Rodiathèque : Concert de clôture : The Sky is Crying par Bribes 4,2024-06-11T00:00:00+02:00,N/A,Concert de clotûre du cycle de conférences de La Rodia autour des musiques afro-américaines.,Médiathèque Pierre Bayle,"27, Avenue de la République",Besançon,25000,France,Bibliothèques municipales de Besançon,https://larodia.com/,Spectacle,https://sortir.besancon.fr/wp-content/uploads/2024/05/s-1-Visuel-generique-Format-sortir-min.jpg,https://sortir.besancon.fr/evenement/rodiatheque-concert-de-cloture-the-sky-is-crying-par-bribes-4/
Hop Garden,2024-06-13T00:00:00+02:00,N/A,"Dans les jardins de la Résidence Canot, venez profiter de cette dernière soirée avant l’été ! Le jeudi 13 juin, le Café International se transforme pour accueillir la HOP GARDEN !",Résidence Canot,6 rue Antide Janvier,Besançon,25000,N/A,"Café international, Crous BFC",N/A,Spectacle,https://sortir.besancon.fr/wp-content/uploads/2024/05/445192570_958470299403926_6832826557841482769_n.jpg,https://sortir.besancon.fr/evenement/hop-garden/
Fais comme à Givors – Festival de caves 2024 – Théâtre Souterrain,2024-06-13T00:00:00+02:00,N/A,"Venez assister à une expérience théâtrale atypique, avec ce festival hors les murs et sous-terrain. Pour sa 18ème édition, du 9 mai au 20 juin, le Festival de caves propose 9 spectacles inédits dans les caves, rêvés pour la proximité et le petit nombre…",Place Pasteur,place Pasteur,Besançon,25000,N/A,Association Européenne du Festival de Caves,http://www.festivaldecaves.fr,Spectacle,https://sortir.besancon.fr/wp-content/uploads/2024/04/affiche-24JPG-10.jpg,https://sortir.besancon.fr/evenement/fais-comme-a-givors-festival-de-caves-2024-theatre-souterrain/
Sami Galbi (live) + Sparse + Fred Balkayou,2024-06-14T00:00:00+02:00,N/A,"Sami Galbi puise dans les musiques de son enfance, celles qu’il a redécouvertes dans les cabarets de Casablanca, le raï et le chaâbi qu’il raconte à sa façon. Avec ses machines analogiques, synthétiseurs et effets de guitare, il module les musiques populaires et folkloriques nord-africaines en leur donnant une texture pop et une atmosphère club.",Terrasse de la Rodia,4 Avenue Chardonnet,Besançon,25000,France,La Rodia,https://larodia.com/agenda/sami-galbi-live-fred-balkayou-dj-set-vente-aux-encheres-de-45-tours-by-sparse/,Spectacle,https://sortir.besancon.fr/wp-content/uploads/2024/04/sami-galbi-chanabatch-1-800x800-1.jpg,https://sortir.besancon.fr/evenement/sami-galbi-live-sparse-fred-balkayou/
Fais comme à Givors – Festival de caves 2024 – Théâtre Souterrain,2024-06-14T00:00:00+02:00,N/A,"Venez assister à une expérience théâtrale atypique, avec ce festival hors les murs et sous-terrain. Pour sa 18ème édition, du 9 mai au 20 juin, le Festival de caves propose 9 spectacles inédits dans les caves, rêvés pour la proximité et le petit nombre…",Place Pasteur,place Pasteur,Besançon,25000,N/A,Association Européenne du Festival de Caves,http://www.festivaldecaves.fr,Spectacle,https://sortir.besancon.fr/wp-content/uploads/2024/04/affiche-24JPG-11.jpg,https://sortir.besancon.fr/evenement/fais-comme-a-givors-festival-de-caves-2024-theatre-souterrain-2/
Concert du Chœur Schütz de Besançon,2024-06-14T00:00:00+02:00,N/A,"Requiem de Maurice DURUFLÉ. Musiques sacrées, Cantique de Jean Racine de Gabriel FAURÉ",Cathédrale Saint-Jean,Rue de la Convention,Besançon,25000,France,Chœur Schütz de Besançon,https://www.helloasso.com/associations/choeur-schutz-de-besancon/evenements/requiem-de-durufle,Spectacle,https://sortir.besancon.fr/wp-content/uploads/2024/05/2024-Durufle-Faure.jpg,https://sortir.besancon.fr/evenement/concert-du-choeur-schutz-de-besancon/
Rencontres de théâtre amateur,2024-06-14T00:00:00+02:00,2024-06-16T23:59:59+02:00,"Les Jacquenscène, regroupement de 6 troupes de théâtre amateur, vous invitent à leurs 5èmes Rencontres au CDN de Besançon pour vous permettre de voir en un week-end, les spectacles montés cette année par 5 compagnies.",CDN,avenue Edouard Droz - Esplanade Jean-Luc Lagarce,Besançon,25000,France,Les Jacquenscène,N/A,Spectacle,https://sortir.besancon.fr/wp-content/uploads/2024/05/RTA-2024-Flyer-1-JPG.jpeg,https://sortir.besancon.fr/evenement/rencontres-de-theatre-amateur/
Back to the Trees : prenez l’art en forêt !,2024-06-15T00:00:00+02:00,2024-06-16T23:59:59+02:00,"Cet événement singulier propose à tous, petits et grands, de parcourir la forêt pour la redécouvrir et la vivre différemment. Le temps d’une soirée, artistes et conférenciers investissent le Bois d’Ambre et proposent à chacun de déambuler dans un espace où, soudain, nature, poésie et magie se rencontrent sous les arbres.",Bois d’Ambre,N/A,Saint-Vit,25410,France,Association Elektrophonie,https://backtothetrees.net/,Spectacle,https://sortir.besancon.fr/wp-content/uploads/2024/05/BTTT2024-AFFICHE-RVB.jpg,https://sortir.besancon.fr/evenement/back-to-the-trees-prenez-lart-en-foret/
Doux VaKarme IntrospeKtion + Clio,2024-06-15T00:00:00+02:00,N/A,"Cirque & Musique est un projet croisant les pratiques amateurs du groupe « Doux VaKarme », constitué d’élèves adolescents de Passe-Muraille, Centre des Arts du Cirque de Besançon et de deux musiciens professionnels, Nils Sorensen et Guillaume Charret, plébiscités et soutenus dans ce cadre par la Rodia, SMAC de Besançon.",Terrasse de la Rodia,4 Avenue Chardonnet,Besançon,25000,France,La Rodia,https://larodia.com/agenda/doux-vakarme-introspektion-creation-cirque-et-musique-clio/,Spectacle,https://sortir.besancon.fr/wp-content/uploads/2024/04/photo-5-dr-800x800-1.jpeg,https://sortir.besancon.fr/evenement/doux-vakarme-introspektion-clio/
Bal fol d’un autre monde,2024-06-15T00:00:00+02:00,2024-06-16T23:59:59+02:00,"Kenzeyiel vous accueille au pied de la cascade du Bout du Monde pour le 4ème bal folk d’un autre monde.
Ambiance magique et conviviale garantie pour cette soirée animée par le groupe Bout du Monde.","Château du Bout du Monde, Beure",19 rue dela Cascade,Beure,25720,N/A,Association Kenzeyiel,N/A,"Loisirs, Spectacle",https://sortir.besancon.fr/wp-content/uploads/2024/06/affiche-3-pour-sortir-a-Besac-bandeau.png,https://sortir.besancon.fr/evenement/bal-fol-dun-autre-monde/
Fais comme à Givors – Festival de caves 2024 – Théâtre Souterrain,2024-06-15T00:00:00+02:00,N/A,"Venez assister à une expérience théâtrale atypique, avec ce festival hors les murs et sous-terrain. Pour sa 18ème édition, du 9 mai au 20 juin, le Festival de caves propose 9 spectacles inédits dans les caves, rêvés pour la proximité et le petit nombre…",Place Pasteur,place Pasteur,Besançon,25000,N/A,Association Européenne du Festival de Caves,http://www.festivaldecaves.fr,Spectacle,https://sortir.besancon.fr/wp-content/uploads/2024/04/affiche-24JPG-12.jpg,https://sortir.besancon.fr/evenement/fais-comme-a-givors-festival-de-caves-2024-theatre-souterrain-3/
Ethnic Deep music (live & DJ),2024-06-15T00:00:00+02:00,N/A,The guy called Siri,Hôp Hop Hop,2 place saint jacques,Besançon,25000,France,hôp hôp hôp,https://www.facebook.com/events/964991091825233,Spectacle,https://sortir.besancon.fr/wp-content/uploads/2024/05/441067751_1009124724030070_2373502230718174214_n.jpg,https://sortir.besancon.fr/evenement/ethnic-deep-music-live-dj/
Les mal aimés : de et avec Laurence Marion-Diaz,2024-06-19T00:00:00+02:00,2024-06-08T23:59:59+02:00,La médiathèque des Tilleuls fête la musique avec un conte musical et dansé !,Médiathèque des Tilleuls,Place des Tilleuls,Besançon,25000,France,Bibliothèques municipales de Besançon,https://bibliotheques.besancon.fr/,"Loisirs, Spectacle",https://sortir.besancon.fr/wp-content/uploads/2024/05/Sortir-evenement-7.jpg,https://sortir.besancon.fr/evenement/les-mal-aimes-de-et-avec-laurence-marion-diaz/
Amuso fête la musique,2024-06-19T00:00:00+02:00,N/A,"A l’occasion de la fête de la musique, venez écouter les élèves dans un cadre exceptionnel, au parc de l’observatoire de Besançon.",Observatoire de Besançon,34 Av de l'Observatoire,BESANÇON,25000,France,AMUSO,https://www.amuso.fr/page/868302-agenda-culturel,Spectacle,https://sortir.besancon.fr/wp-content/uploads/2024/01/Affiche-fete-de-la-musique-19-juin-AMUSO-min.jpg,https://sortir.besancon.fr/evenement/amuso-fete-la-musique/
Le CAEM en spectacle,2024-06-19T00:00:00+02:00,N/A,"Le Carrefour d’Animation et d’Expression Musicales (CAEM), basé à Planoise, prend ses quartiers chaque année à la Rodia. Cette soirée sera l’occasion de présenter le résultat du travail mené par les élèves musiciens dans le cadre du dispositif « Idencité ». A cette occasion, ils ont pu créer des musiques avec l’artiste bisontin Sorg.",Terrasse de la Rodia,4 Avenue Chardonnet,Besançon,25000,France,La Rodia,https://larodia.com/agenda/le-caem-en-spectacle/,Spectacle,https://sortir.besancon.fr/wp-content/uploads/2024/04/img-4416-800x800-1.jpg,https://sortir.besancon.fr/evenement/le-caem-en-spectacle/
Voyage musical « Diode »d’Étienne Gauthier.,2024-06-20T00:00:00+02:00,N/A,"Plongez dans l’univers onirique d’Étienne Gauthier*, où la musique devient le fil conducteur d’un voyage introspectif, submersif. Par ses compositions inattendues, il touche notre conscience, notre inconscient, notre essence profonde… Une totale déconnexion ! Spectacle à partir de 7 ans.",Grand Kursaal,2 Place du Théâtre,Besançon,25000,France,Oikos Stéréo,https://bit.ly/3vI9uZL,Spectacle,https://sortir.besancon.fr/wp-content/uploads/2024/04/2406carre1.jpg,https://sortir.besancon.fr/evenement/voyage-musical-diodedetienne-gauthier/
Didjier Corrèze pour les enfants + Born Again,2024-06-21T00:00:00+02:00,N/A,"Une fête de la musique intergénérationnelle puisqu’elle célébrera le jeune public, avec un spectacle et une boum orchestrés par l’incomparable Didjier Corrèze.",Terrasse de la Rodia,4 Avenue Chardonnet,Besançon,25000,France,La Rodia,https://larodia.com/agenda/fete-de-la-musique/,"Jeune Public, Spectacle",https://sortir.besancon.fr/wp-content/uploads/2024/04/cha-8542-800x800-1.jpg,https://sortir.besancon.fr/evenement/didjier-correze-pour-les-enfants-born-again/
Concert voix et orgue,2024-06-21T00:00:00+02:00,N/A,Les élèves de la classe d’orgue et de chant ainsi que le chœur mixte du conservatoire régional présenteront des œuvres sacrées.,Église Saint-Joseph,"18, avenue Villarceau",Besançon,25000,France,N/A,N/A,Spectacle,https://sortir.besancon.fr/wp-content/uploads/2024/05/Sans-titre.jpg,https://sortir.besancon.fr/evenement/concert-voix-et-orgue/
Sound system meeting,2024-06-22T00:00:00+02:00,N/A,"Un évènement organisé par Hôp Hop Hop, Pempelem l’association et la Cogip.",Hôp Hop Hop,2 place saint jacques,Besançon,25000,France,hôp hôp hôp,https://www.facebook.com/events/866481978641367,Spectacle,https://sortir.besancon.fr/wp-content/uploads/2024/05/441872249_975975870987509_3725681072602694103_n.jpg,https://sortir.besancon.fr/evenement/sound-system-meeting/
« Carnet de Voyage » par Vocal Mania Besan’Scene,2024-06-23T00:00:00+02:00,N/A,"Les élèves de Vocal Mania seront sur scène le dimanche 23 juin à 16h30, avec un spectacle musical haut en couleurs sur le thème du voyage !",Petit Kursaal,2 Place du Théâtre,Besançon,25000,France,Vocal Mania Besançon,N/A,Spectacle,https://sortir.besancon.fr/wp-content/uploads/2024/05/Affiche-carnet-de-voyage.png,https://sortir.besancon.fr/evenement/carnet-de-voyage-par-vocal-mania-besanscene/
Jours de danse 2024,2024-06-27T00:00:00+02:00,2024-06-29T23:59:59+02:00,Un temps fort en mouvement à Besançon organisé par la compagnie Pernette,Multiples lieux,N/A,N/A,N/A,N/A,Compagnie Pernette,https://joursdedanse.compagnie-pernette.com/,Spectacle,https://sortir.besancon.fr/wp-content/uploads/2024/05/JDD-2024-carre.jpeg,https://sortir.besancon.fr/evenement/jours-de-danse-2024/
Fête du jardin partagé de Palente « La Biodiversité c’est la Vie »,2024-06-28T00:00:00+02:00,2024-06-29T23:59:59+02:00,"La Fête sera ouverte aux habitant.e.s, aux associations autour d’un spectacle musical et d’un barbecue convivial. La fête de l’école Condorcet sera partie intégrante de ce temps de grande convivialité.",Espace Condorcet,"41, Rue du Muguet",Besançon,25000,N/A,L’association de Palente,N/A,"Expositions, Rencontres, Spectacle",https://sortir.besancon.fr/wp-content/uploads/2024/05/2.jpg,https://sortir.besancon.fr/evenement/fete-du-jardin-partage-de-palente-la-biodiversite-cest-la-vie/
Spectacle « Arts en Quête » et Soirée dansante,2024-06-28T00:00:00+02:00,2024-06-29T23:59:59+02:00,"En partenariat avec l’association Kiwanis, le spectacle de danses et d’arts proposera un voyage envoûtant au cœur des danses de couple, improvisées et interactives.",Grand Kursaal,2 Place du Théâtre,Besançon,25000,France,Association Danses 25,http://www.aucarrousel.co,Spectacle,https://sortir.besancon.fr/wp-content/uploads/2024/05/AFFICHE-SPECTACLE-DE-DANSES-GALA-2024-CARROUSEL-DES-ARTS-10.5-x-14.8-cm-A3.png,https://sortir.besancon.fr/evenement/spectacle-arts-en-quete-et-soiree-dansante/
Transatlantique saison 2,2024-06-29T00:00:00+02:00,N/A,AMUSO vous propose la suite du spectacle Transatlantique.,Salle du Manège – Fort de Bregille,N/A,Besançon,25000,France,AMUSO,https://www.amuso.fr/page/868302-agenda-culturel,Spectacle,https://sortir.besancon.fr/wp-content/uploads/2024/01/Affiche-Transatlantique-29-juin-AMUSO-min.jpg,https://sortir.besancon.fr/evenement/transatlantique-saison-2/
Les Insolites de la Rodia #4 – Concert au lever du soleil « Nous étions une armée »,2024-06-30T00:00:00+02:00,N/A,Concert au lever du soleil !*,Citadelle,99 rue des Fusillés de la Résistance,Besançon,250000,France,La Rodia,https://larodia.com/agenda/les-insolites-de-la-rodia-4/?fbclid=IwAR2M96A-g2yd4jC0k7YvGZaxgksoT2HMP97-ExsZWuj7f1YsnycG1BJMfqM_aem_AZSrVz8lhdLyWP4acYvCFyfK5fpTcTIKK3zDWKB31T555TqRoLC0ZTjo48RNNw4hfMagHipDricbh34q3BDKSA-H,Spectacle,https://sortir.besancon.fr/wp-content/uploads/2024/04/p1-credit-julien-leguay.jpg,https://sortir.besancon.fr/evenement/les-insolites-de-la-rodia-4-concert-au-lever-du-soleil-nous-etions-une-armee/
« Quand viendra la vague »,2024-07-04T00:00:00+02:00,N/A,Restitution de fin de cycle des élèves de la Cie Keichad. D’après le texte de Alice Zeniter.,Le Scènacle,6 Rue de la Vieille Monnaie,Besançon,25000,France,Le scènacle,https://www.helloasso.com/associations/le-scenacle/evenements/jeudi-4-juillet-17-h-30-quand-viendra-la-vague-piece-de-theatre-2?fbclid=IwAR1P3NaX18EOTPGRSbioERNHkexs5vygCk4_K8H4BTPus_uUeypUv1LpcHI_aem_Afa1U1LzM288Ct9D0xcBhCre91MpX2MA3QG1O90hUu-OmoByJDbyWHIQv8l6Ud1Vzyk5sb8V1RY54L5BexpXntta,Spectacle,https://sortir.besancon.fr/wp-content/uploads/2024/04/434431750_1319130305692577_775149451702757722_n.jpg,https://sortir.besancon.fr/evenement/quand-viendra-la-vague/
Un Peu de Serious,2024-07-06T00:00:00+02:00,N/A,Cette année « Un Peu de Serious » aura lieu le Samedi 6 juillet à partir de 15h00 aux pépinières d’Avanne.,Chapiteau d’Avanne,N/A,N/A,N/A,N/A,The SeriousRoad Trip,N/A,Spectacle,https://sortir.besancon.fr/wp-content/uploads/2024/03/logo-seul.jpg,https://sortir.besancon.fr/evenement/un-peu-de-serious/
Un Peu de Serious,2024-07-06T00:00:00+02:00,N/A,Infos :,Chapiteau d’Avanne,N/A,N/A,N/A,N/A,The SeriousRoad Trip,https://chb.theseriousroadtrip.org/un-peu-de-serious-2022-7/,Spectacle,https://sortir.besancon.fr/wp-content/uploads/2024/04/couleur_serious_pour_mail_.jpg,https://sortir.besancon.fr/evenement/un-peu-de-serious-2/
Panorama sonore,2024-07-11T00:00:00+02:00,2024-07-13T23:59:59+02:00,"La Citadelle de Besançon vous propose 3 soirées de concerts dans le parc Saint-Étienne avec les lumières de la ville pour décor, des artistes locaux, nationaux et internationaux aux esthétiques variées (hip hop, scène régionale, pop, électro) qui dessineront pour vous un panorama sonore exceptionnel.",Parc Saint-Etienne,N/A,N/A,N/A,N/A,Citadelle de Besançon,https://www.citadelle.com/agenda/panorama-sonore-2024-jeanne-added-en-solo-piano-voix-matis-akengin-piano-voix-kid-francescoli-electro-pop/,Spectacle,https://sortir.besancon.fr/wp-content/uploads/2024/05/30Jeanne_Added_Philarmonie_Paris_Ben-Pi-scaled-600x0-c-default.jpg,https://sortir.besancon.fr/evenement/panorama-sonore/
Inventaire : participez à une une résidence dansée avec l’arÊTE,2024-07-15T00:00:00+02:00,2024-07-19T23:59:59+02:00,"L’arÊTE cherche des participants pour INVENTAIRE cet été ! Venez jouer, danser…",Le Café des Pratiques,105 Rue de Belfort,Besançon,25000,France,l’arÊTE,N/A,"Loisirs, Spectacle",https://sortir.besancon.fr/wp-content/uploads/2022/06/silhouette-g7981d8da3_1920-e1654585815873.jpg,https://sortir.besancon.fr/evenement/inventaire-participez-a-une-une-residence-dansee-avec-larete/2024-07-15/
La Nuit des Icares,2024-08-24T00:00:00+02:00,N/A,"Chaque année se déroule en Isère le plus grand festival de vol libre au monde, la Coupe Icare.",Complexe sportif de la Malcombe,Boulevard François Mitterand,Besançon,25000,France,Besancon Vol Libre,https://besancon-vol-libre.fr/nuit-des-icares/,Spectacle,https://sortir.besancon.fr/wp-content/uploads/2024/05/Affiche-Nuit-Des-Icares-1-1-1-1_11zon.png,https://sortir.besancon.fr/evenement/la-nuit-des-icares/
Lilian Renaud,2024-09-06T00:00:00+02:00,N/A,"Dernière date de sa tournée ‘ »Dans un moment de bonheur Tour ». Et il termine « à la maison », en Franche-Comté, au Grand Kursaal de Besançon !!",Grand Kursaal,2 Place du Théâtre,Besançon,25000,France,Culture Club Besac,N/A,Spectacle,https://sortir.besancon.fr/wp-content/uploads/2023/12/407774610_825336489391271_6842964260579969329_n.jpg,https://sortir.besancon.fr/evenement/lilian-renaud/
Clio,2024-10-01T00:00:00+02:00,N/A,"Depuis la révélation d’un premier album, Clio, en 2016, la confirmation de Déjà Venise (2019) et de L’amour hélas (2021) et comme d’autres autrices-compositrices avant elle, de Kate Bush à Tori Amos, Clio mène son travail d’écriture en solitaire, entre Paris et chez elle, dans ce qu’elle appelle son « atelier permanent de construction de chansons ». Ce qui n’empêche guère ses chansons de séduire un large public grâce à l’accessibilité du streaming, on écoute Clio à Bruxelles, Montréal, Mexico, Istanbul ou encore Santiago !",Petit Kursaal,2 Place du Théâtre,Besançon,25000,France,NG productions,https://ngproductions.fr/spectacle/clio/661014fc31bbf/,Spectacle,https://sortir.besancon.fr/wp-content/uploads/2024/04/affiche-site-clio.jpg,https://sortir.besancon.fr/evenement/clio/
Malik Bentalha,2024-10-03T00:00:00+02:00,N/A,Retrouvez le one-man show « Nouveau Monde » de Malik Bentalha en tournée partout en France.,Grand Kursaal,2 Place du Théâtre,Besançon,25000,France,N/A,https://ngproductions.fr/spectacle/malik-bentalha/657c1f84063a1/,Spectacle,https://sortir.besancon.fr/wp-content/uploads/2024/01/MALIK-BENTALHA.jpg,https://sortir.besancon.fr/evenement/malik-bentalha/
Sandrine Sarroche,2024-10-11T00:00:00+02:00,N/A,"Après le succès  triomphe raz-de-marée de « La Loi du Talon », Sandrine Sarroche nous revient avec de nouveaux sketchs, de nouvelles chansons, de nouveaux personnages plus insolents décapants hilarants que jamais.",Le Scènacle,6 Rue de la Vieille Monnaie,Besançon,25000,France,NG productions,https://ngproductions.fr/spectacle/sandrine-sarroche/6620eeecb196d/,Spectacle,https://sortir.besancon.fr/wp-content/uploads/2024/04/Template-Affiche-Siteweb-SandrineSarroche.jpg,https://sortir.besancon.fr/evenement/sandrine-sarroche/
Le bal rose,2024-10-12T00:00:00+02:00,N/A,"A l’occasion d’Octobre rose, l’association Franche-Comté Danse Sportive vous invite à son Bal Rose.",Grand Kursaal,2 Place du Théâtre,Besançon,25000,France,Franche-Comté Danse Sportive,N/A,Spectacle,https://sortir.besancon.fr/wp-content/uploads/2024/04/V1-Web-850x850-min.jpg,https://sortir.besancon.fr/evenement/le-bal-rose/
Pat Metheny,2024-10-12T00:00:00+02:00,N/A,"Le guitariste et compositeur PAT METHENY, lauréat de 20 Grammy Awards, lance une tournée solo pour coïncider avec la sortie de son nouvel album MoonDial, qui sortira le 26 juillet chez BMG et qui fait suite à l’album Dream Box, nominé aux Grammy Awards en 2023. La tournée, la première du genre pour Metheny, comprendra des morceaux personnels et des morceaux préférés des fans, issus de sa carrière de près de 50 ans.",Théâtre Ledoux,Rue Megevand,Besançon,25000,N/A,Le Bruit Qui Pense,https://www.facebook.com/events/7747979221888596,Spectacle,https://sortir.besancon.fr/wp-content/uploads/2024/04/432773126_935492604684496_5479669755413436221_n-e1713259065965.jpg,https://sortir.besancon.fr/evenement/pat-metheny/
Florent Peyre,2024-10-13T00:00:00+02:00,N/A,"Spectacle au profit de l’association P’tits Bouts de Ficelle, une association humanitaire bisontine qui oeuvre pour l’enfance malade au CHRU Minjoz. Plus d’informations.",Grand Kursaal,2 Place du Théâtre,Besançon,25000,France,NG productions,https://ngproductions.fr/spectacle/florent-peyre/661403162afa4/,Spectacle,https://sortir.besancon.fr/wp-content/uploads/2024/04/1-2.jpg,https://sortir.besancon.fr/evenement/florent-peyre/
Clara Ysé,2024-10-16T00:00:00+02:00,N/A,"Chevaux de feu, syncope aux fées. On dit qu’à l’origine, le poème était une chanson. Comme toutes les mythologies, celle-ci est devenue intraçable. Pourtant, à écouter Clara Ysé, ses mots-cavalcade, ses vers-prophétie, sa voix qui s’arque-boute de l’ombre à la lumière, on croit voir le poème incarné.",La Rodia,4 Avenue Chardonnet,Besançon,25000,France,NG productions,https://ngproductions.fr/spectacle/clara-yse/65e5ab59ebb32/,Spectacle,https://sortir.besancon.fr/wp-content/uploads/2024/03/affiche-clarayse.jpg,https://sortir.besancon.fr/evenement/clara-yse/
Alex Ramires dans « Panache »,2024-10-17T00:00:00+02:00,N/A,Un spectacle sur la confiance ou faire semblant d’en avoir.,Grand Kursaal,2 Place du Théâtre,Besançon,25000,France,D2P,https://d2p.fr/,Spectacle,https://sortir.besancon.fr/wp-content/uploads/2024/02/1-11.jpg,https://sortir.besancon.fr/evenement/alex-ramires-dans-panache/
Gwendoline,2024-10-17T00:00:00+02:00,N/A,Le 17 octobre à 20h30,La Rodia,4 Avenue Chardonnet,Besançon,25000,France,La Rodia,https://larodia.com/agenda/gwendoline/,Spectacle,https://sortir.besancon.fr/wp-content/uploads/2024/03/gwendoline-9-alois-lecerf-800x800-1.jpg,https://sortir.besancon.fr/evenement/gwendoline/
Elodie Poux (humour),2024-10-18T00:00:00+02:00,N/A,"À force de s’entendre dire qu’il n’y a plus de places pour venir la voir en spectacle, Elodie Poux a décidé de rajouter des dates de son spectacle Le Syndrome du Papillon avec en bonus, quelques petites surprises…",Micropolis,3 Boulevard Ouest,Besançon,25000,France,NG productions,https://ngproductions.fr/spectacle/elodie-poux/65572d76b1e0d/,Spectacle,https://sortir.besancon.fr/wp-content/uploads/2023/11/Template-Affiche-Siteweb-ElodiePoux.jpg,https://sortir.besancon.fr/evenement/elodie-poux-humour/
Caroline Estremo (humour),2024-10-22T00:00:00+02:00,N/A,En Rodage (Normalement),Petit Kursaal,2 Place du Théâtre,Besançon,25000,France,NG productions,https://www.ticketmaster.fr/fr/manifestation/caroline-estremo-billet/idmanif/505759/idtier/24336092,Spectacle,https://sortir.besancon.fr/wp-content/uploads/2024/03/Affichesite-estremo.jpg,https://sortir.besancon.fr/evenement/caroline-estremo-humour/
Nora Hamzawi,2024-10-23T00:00:00+02:00,N/A,"De toute façon quand tes deux dernières recherches Google sont : « Temps parcours bombe atomique » et « Méthode pour rajeunir sans effort », ça me parait clair qu’il y a un rapport au monde qui n’est pas sain.",Le Scènacle,6 Rue de la Vieille Monnaie,Besançon,25000,France,NG productions,https://ngproductions.fr/spectacle/nora-hamzawi/65491f3087382/,Spectacle,https://sortir.besancon.fr/wp-content/uploads/2023/12/Template-Affiche-Siteweb-Nora.jpg,https://sortir.besancon.fr/evenement/nora-hamzawi/
Eric Cantona,2024-10-23T00:00:00+02:00,N/A,"« Au-delà de la ligne de touche, il n’y a rien » affirmait Jacques Derrida, philosophe qui s’était rêvé footballeur dans sa jeunesse.",La Rodia,4 Avenue Chardonnet,Besançon,25000,France,La Rodia,https://larodia.com/agenda/eric-cantona-cantona-sings-eric/,Spectacle,https://sortir.besancon.fr/wp-content/uploads/2024/03/redim-cantona-lyon-28-celsa-schulhof-800x800-1.png,https://sortir.besancon.fr/evenement/eric-cantona/
Inès Reg (humour),2024-10-25T00:00:00+02:00,N/A,"Après avoir conquis 500.000 spectateurs, Inès revient avec son nouveau spectacle.",Micropolis,3 Boulevard Ouest,Besançon,25000,France,NG productions,https://ngproductions.fr/spectacle/ines-reg/65c4963886add/,Spectacle,https://sortir.besancon.fr/wp-content/uploads/2024/03/Template-Affiche-Siteweb-InesReg.jpg,https://sortir.besancon.fr/evenement/ines-reg-humour/
Marie S’infiltre,2024-10-25T00:00:00+02:00,N/A,"« Culot » : le spectacle qui invite le spectateur à l’audace en s’émancipant du regard des autres pour n’avoir plus honte de rien. Un spectacle hybride qui mêle sketch et comédie musicale, impro et textes littéraires, et qui invite le public à sortir de sa zone de confort. Tout est permis dans cette parenthèse magique qui balaye la bien-pensance moralisatrice ! Bref, soyez dingues, fous, libres !",Grand Kursaal,2 Place du Théâtre,Besançon,25000,France,NG productions,https://ngproductions.fr/spectacle/marie-sinfiltre/660c24c0b5be1/,Spectacle,https://sortir.besancon.fr/wp-content/uploads/2024/05/Template-Affiche-Siteweb-MarieSinfiltre.jpg,https://sortir.besancon.fr/evenement/marie-sinfiltre/
Voice & Dance,2024-10-27T00:00:00+02:00,N/A,Un grand show pour une belle cause : octobre rose !,Grand Kursaal,2 Place du Théâtre,Besançon,25000,France,Culture Club Besac,https://www.payasso.fr/ccb/showrose?fbclid=IwAR1gcunZXaDIbu9HHMR8_xu7UwZ1EvNMoTuJ5Ysesc3HgM9IESgZJPrGHKg,Spectacle,https://sortir.besancon.fr/wp-content/uploads/2023/12/408772371_825351236056463_7988275256620568619_n.jpg,https://sortir.besancon.fr/evenement/voice-dance/
Apéro-concert avec Gurriers,2024-10-29T00:00:00+02:00,N/A,"Formé à l’aube d’une pandémie mondiale, Gurriers, le nouveau groupe alternatif de Dublin, incarne les genres irlandais émergents que sont le post-punk, le noise rock et le shoegaze.",La Rodia,4 Avenue Chardonnet,Besançon,25000,France,La Rodia,N/A,Spectacle,https://sortir.besancon.fr/wp-content/uploads/2024/05/gurriers-credit-joshua-mulhollan-800x800-1.jpg,https://sortir.besancon.fr/evenement/apero-concert-avec-gurriers/
Roman Doduik (humour),2024-11-02T00:00:00+02:00,N/A,"Quand on est suivi par 3 millions d’abonnés sur les réseaux, mieux vaut toujours être adorable !",Petit Kursaal,2 Place du Théâtre,Besançon,25000,France,NG productions,https://ngproductions.fr/spectacle/roman-doduik/64afc7207353a/,Spectacle,https://sortir.besancon.fr/wp-content/uploads/2023/08/Template-Affiche-Siteweb-Doduik.jpg,https://sortir.besancon.fr/evenement/roman-doduik-humour-2/
Coline Serreau (humour),2024-11-05T00:00:00+02:00,N/A,"Coline nous raconte sa belle histoire : son premier feuilleton rémunéré 20 centimes la page, l’école où enfant elle a appris à voyager dans les arbres, son numéro de trapèze, les danseurs Hip Hop qui révolutionnent l’Opéra Bastille, les coulisses de Trois hommes et un couffin, son prochain film où elle épingle les écolos-machos et les travers des spectacles subventionnés…",Petit Kursaal,2 Place du Théâtre,Besançon,25000,France,NG productions,https://ngproductions.fr/spectacle/coline-serreau/65d85552f1361/,Spectacle,https://sortir.besancon.fr/wp-content/uploads/2024/03/Template-Affiche-Siteweb-Serreau.jpg,https://sortir.besancon.fr/evenement/coline-serreau-humour/
Lisa Perrio (humour),2024-11-08T00:00:00+02:00,N/A,"Lisa Perrio se joue de personnages qu’elle croise dans son quotidien, et incarne des femmes et des hommes dans toutes leurs contradictions.",Le Scènacle,6 Rue de la Vieille Monnaie,Besançon,25000,France,NG productions,https://ngproductions.fr/spectacle/lisa-perrio/65cc7de7d1be9/,Spectacle,https://sortir.besancon.fr/wp-content/uploads/2024/03/affiche-site-lisaperrio.jpg,https://sortir.besancon.fr/evenement/lisa-perrio-humour/
Hakim Jemili (humour),2024-11-20T00:00:00+02:00,N/A,Hakim part en tournée avec son nouveau spectacle.,Grand Kursaal,2 Place du Théâtre,Besançon,25000,France,NG productions,https://ngproductions.fr/spectacle/hakim-jemili/6538c87adf262/,Spectacle,https://sortir.besancon.fr/wp-content/uploads/2023/12/Template-Affiche-Siteweb-HakimJemili.jpg,https://sortir.besancon.fr/evenement/hakim-jemili-humour/
Camille,2024-11-22T00:00:00+02:00,N/A,"Entre la terre et le ciel, il y a Camille. Un monde de son parcouru depuis plus de vingt ans comme un rituel aux pieds nus, un vaste continent poétique habité par une voix qui caracole, ivre de cristal et de joie, par delà les codes de la chanson. Une vie de musique et de création.",La Rodia,4 Avenue Chardonnet,Besançon,25000,France,La Rodia,https://larodia.com/agenda/camille/,Spectacle,https://sortir.besancon.fr/wp-content/uploads/2024/04/carre-logo-compact-800x800-1.jpg,https://sortir.besancon.fr/evenement/camille/
Mahaut,2024-11-23T00:00:00+02:00,N/A,"Chroniqueuse sur France Inter et passionnée de politique, Mahaut a obtenu son bac écriture inclusive, spé féminisme, option queerness.",Le Scènacle,6 Rue de la Vieille Monnaie,Besançon,25000,France,NG productions,https://ngproductions.fr/spectacle/mahaut/65fdad3378f7c/,Spectacle,https://sortir.besancon.fr/wp-content/uploads/2024/05/3-8.jpg,https://sortir.besancon.fr/evenement/mahaut/
Médine,2024-11-28T00:00:00+02:00,N/A,"A l’occasion de ses 20 ans de carrière et après 2 ans de tournée avec plus de 70 dates, Médine revient au deuxième semestre de 2024 dans une configuration inédite.",Théâtre Ledoux,Rue Megevand,Besançon,25000,N/A,Le Bruit Qui Pense,https://www.facebook.com/events/789776786419003,Spectacle,https://sortir.besancon.fr/wp-content/uploads/2024/05/439831705_955388689361554_7204645172651933394_n.jpg,https://sortir.besancon.fr/evenement/medine/
Mass Hysteria (metal),2024-11-30T00:00:00+02:00,N/A,"Pour célébrer de manière exceptionnelle le dixième opus de sa carrière, MASS HYSTERIA a ainsi choisi de déguiser ce qui n’était autre qu’un double album en deux actes, compacts et intenses, à la narration bien distincte — un véritable tour de force là où de telles ambitions, aussi articulées, évoquent une autre époque : Tenace.",Club de la Rodia,N/A,N/A,N/A,France,La Rodia,https://larodia.com/agenda/mass-hysteria/,Spectacle,https://sortir.besancon.fr/wp-content/uploads/2024/03/img-0066-credit-audrey-wnent-800x800-1.jpg,https://sortir.besancon.fr/evenement/mass-hysteria-metal/
Paloma « Au plurielles »,2024-12-03T00:00:00+02:00,N/A,"Paloma, la gagnante de Drag Race France Saison 1 sillonnera les routes de France, de Belgique et de Suisse avec son spectacle Paloma au PluriElles et s’apprête à illuminer la scène de Besançon.",Grand Kursaal,2 Place du Théâtre,Besançon,25000,France,D2P,https://d2p.fr/,Spectacle,https://sortir.besancon.fr/wp-content/uploads/2023/12/Nouveau-visuel-Paloma-aux-Plurielles.jpeg,https://sortir.besancon.fr/evenement/paloma-au-plurielles/
Leïla Amara,2024-12-06T00:00:00+02:00,N/A,Et pourquoi ? Y’a plus personne qui veut jouer avec toi ? »,Le Scènacle,6 Rue de la Vieille Monnaie,Besançon,25000,France,NG productions,https://ngproductions.fr/spectacle/leila-amara/663a4cc45a062/,Spectacle,https://sortir.besancon.fr/wp-content/uploads/2024/05/2-4.jpg,https://sortir.besancon.fr/evenement/leila-amara/
Renaud « Dans mes cordes »,2024-12-11T00:00:00+02:00,N/A,"En 2023, Renaud signe son grand retour sur scène avec « Dans mes cordes», une tournée en toute intimité où il sera accompagné au piano de son ami Alain Lanty et d’un ensemble d’instruments à cordes.",Micropolis,3 Boulevard Ouest,Besançon,25000,France,D2P,https://www.micropolis.fr/spectacle/2024-12-11/renaud-dans-mes-cordes,Spectacle,https://sortir.besancon.fr/wp-content/uploads/2024/02/aCD8T35Y.jpeg,https://sortir.besancon.fr/evenement/renaud-dans-mes-cordes/
Aldebert présente Helldebert,2024-01-19T00:00:00+02:00,N/A,"Aldebert a le secret de la recette magique. Des mélodies d’une efficacité redoutable, des orchestrations ciselées et des sujets ouverts sur le monde, avec ce prisme bien à lui qui parle à toutes les générations. Il réussit la performance d’éveiller l’enfant et de réveiller cette part d’enfance souvent oubliée des adultes.$",Micropolis,3 Boulevard Ouest,Besançon,25000,France,NG productions,https://ngproductions.fr/,"Jeune Public, Spectacle",https://sortir.besancon.fr/wp-content/uploads/2023/11/404039025_896300045644412_898469116264094058_n.jpg,https://sortir.besancon.fr/evenement/aldebert-presente-aldebert/
Alain Souchon accompagné par Ours et Pierre Souchon,2024-01-29T00:00:00+02:00,N/A,"Il y a un peu plus de 4 ans, Alain Souchon publiait un nouvel album acclamé par la critique, Ame Fifties, fruit d’une étroite collaboration avec ses deux fils. S’en est suivi une tournée triomphale de plus de 100 dates.",Micropolis,3 Boulevard Ouest,Besançon,25000,France,NG productions,https://ngproductions.fr/spectacle/alain-ours-pierre-souchon/65c9f45b45e0f/,Spectacle,https://sortir.besancon.fr/wp-content/uploads/2024/03/Template-Affiche-Siteweb-Souchon.jpg,https://sortir.besancon.fr/evenement/alain-souchon-accompagne-par-ours-et-pierre-souchon/
Les Hommes viennent de Mars et les Femmes de Vénus,2024-02-05T00:00:00+02:00,N/A,Mise à Jour 2.0,Grand Kursaal,2 Place du Théâtre,Besançon,25000,France,NG productions,https://ngproductions.fr/spectacle/les-hommes-viennent-de-mars-et-les-femmes-de-venus/65e0ae8175360/,Spectacle,https://sortir.besancon.fr/wp-content/uploads/2023/05/Template-Affiche-Siteweb-MarsVenus-e1685006647894.jpg,https://sortir.besancon.fr/evenement/les-hommes-viennent-de-mars-et-les-femmes-de-venus/
Waly Dia,2024-02-12T00:00:00+02:00,N/A,Waly Dia revient sur scène avec son tout nouveau spectacle « une heure à tuer »,Grand Kursaal,2 Place du Théâtre,Besançon,25000,France,NG productions,https://ngproductions.fr/spectacle/waly-dia-2/657c1ac6da77f/,Spectacle,https://sortir.besancon.fr/wp-content/uploads/2024/01/WALY-DIA-e1705053831324.jpg,https://sortir.besancon.fr/evenement/waly-dia/
Dany Boon,2024-03-08T00:00:00+02:00,N/A,"Boon va mieux faire ! Après 7 ans loin de la scène et la folle envie de faire rire, Dany Boon revient à son rêve d’enfant avec un tout nouveau one man show.",Micropolis,3 Boulevard Ouest,Besançon,25000,France,NG productions,https://ngproductions.fr/spectacle/dany-boon/65cf2483d80d6/,Spectacle,https://sortir.besancon.fr/wp-content/uploads/2024/03/SITE-DANY-BOON.jpg,https://sortir.besancon.fr/evenement/dany-boon/
Charlie & Stylien,2024-03-08T00:00:00+02:00,N/A,Découvrez la « comédie musicale différente » de Charlie & Stylien : LA LA MOUR !,Petit Kursaal,2 Place du Théâtre,Besançon,25000,France,NG productions,https://ngproductions.fr/spectacle/charlie-stylien/65df4149efcd9/,Spectacle,https://sortir.besancon.fr/wp-content/uploads/2024/03/CHARLIEETSTYLIEN-AFFICHESITE.jpg,https://sortir.besancon.fr/evenement/charlie-stylien/
Issa Doumbia,2024-03-12T00:00:00+02:00,N/A,"Des histoires drôles et touchantes sur sa perte de poids jusqu’aux péripéties les plus folles de sa carrière, Issa Doumbia se livre sur ses succès, ses peines et ses amours pour la première fois dans ce ciné-spectacle qui transcende les frontières du one-man-show traditionnel.",Grand Kursaal,2 Place du Théâtre,Besançon,25000,France,NG productions,https://ngproductions.fr/spectacle/lisa-perrio/65cc7de7d1be9/,Spectacle,https://sortir.besancon.fr/wp-content/uploads/2024/03/doumbia-site.jpg,https://sortir.besancon.fr/evenement/issa-doumbia/
Pierre Thevenoux,2024-03-20T00:00:00+02:00,N/A,"Après être passé par le Jamel Comedy Club et s’être rodé sur les scènes parisiennes, Pierre vous propose 1 heure 20 de stand-up grinçant et efficace.",Grand Kursaal,2 Place du Théâtre,Besançon,25000,France,NG productions,https://ngproductions.fr/spectacle/pierre-thevenoux/65df1239eeb05/,Spectacle,https://sortir.besancon.fr/wp-content/uploads/2024/03/thevenoux-site.jpg,https://sortir.besancon.fr/evenement/pierre-thevenoux/
Blandine Lehout (humour),2024-03-28T00:00:00+02:00,N/A,"Blandine, c’est un peu la pote qu’on aimerait avoir dans sa bande…du moins c’est ce qu’elle pense !",Petit Kursaal,2 Place du Théâtre,Besançon,25000,France,NG productions,https://ngproductions.fr/spectacle/blandine-lehout/6560e498baf82/,Spectacle,https://sortir.besancon.fr/wp-content/uploads/2024/01/Template-Affiche-Siteweb-BlandineLehout.jpg,https://sortir.besancon.fr/evenement/blandine-lehout-humour-2/
Le soldat rose,2024-03-29T00:00:00+02:00,N/A,"A l’occasion de ses 15 ans, Le Soldat Rose fait son grand retour sur scène dans une nouvelle mise en scène exceptionnelle en tournée dans toute la France.",Micropolis,3 Boulevard Ouest,Besançon,25000,France,NG productions,https://ngproductions.fr/spectacle/le-soldat-rose/65ddbeec62181/,"Jeune Public, Spectacle",https://sortir.besancon.fr/wp-content/uploads/2024/03/lesoldatrose-siteweb.jpg,https://sortir.besancon.fr/evenement/le-soldat-rose/
Caroline Vigneaux,2024-04-03T00:00:00+02:00,N/A,"Caroline est à la moitié de sa vie, pile entre les jeunes et les vieux : elle a un compte TikTok mais elle paie quelqu’un pour poster, parce qu’elle comprend rien!",Grand Kursaal,2 Place du Théâtre,Besançon,25000,France,NG productions,https://ngproductions.fr/spectacle/caroline-vigneaux/65a14b25aee92/,Spectacle,https://sortir.besancon.fr/wp-content/uploads/2024/01/Template-Affiche-Siteweb-CarolineVigneaux.jpg,https://sortir.besancon.fr/evenement/caroline-vigneaux/
Felix Dhjan (humour),2024-04-04T00:00:00+02:00,N/A,"Dans ce spectacle, Félix Dhjan se joue du monde moderne avec un style très singulier. Pensionnaire du Jamel Comedy Club sur Canal+, chroniqueur sur Rire et Chansons avec son personnage  » Monsieur Connard « , Félix débarque au Point Virgule avec un spectacle authentique, cru et hilarant.",Petit Kursaal,2 Place du Théâtre,Besançon,25000,France,NG productions,https://ngproductions.fr/spectacle/felix-dhjan/654bac15cdab6/,Spectacle,https://sortir.besancon.fr/wp-content/uploads/2023/05/Affiche-SiteFDB_FelixDhjan-770x1020-1-e1685438758947.jpg,https://sortir.besancon.fr/evenement/felix-dhjan-humour-2/
Gad Elmaleh,2024-04-10T00:00:00+02:00,N/A,Gad sera en tournée en 2024 et 2025 avec son nouveau spectacle « Lui-même »,Micropolis,3 Boulevard Ouest,Besançon,25000,France,NG productions,https://ngproductions.fr/spectacle/gad-elmaleh/65dda651f0128/,Spectacle,https://sortir.besancon.fr/wp-content/uploads/2024/03/Gad-elmaleh-siteweb.jpg,https://sortir.besancon.fr/evenement/gad-elmaleh/
Liane Foly,2024-04-12T00:00:00+02:00,N/A,"Liane FOLY fête ses 35 ans de Carriere, dans un seule en scène époustouflant où se mêlent comédie, humour et imitations.",Petit Kursaal,2 Place du Théâtre,Besançon,25000,France,NG productions,https://ngproductions.fr/spectacle/liane-foly/6529536b29a76/,Spectacle,https://sortir.besancon.fr/wp-content/uploads/2023/11/Template-Affiche-Siteweb-LianeFoly.jpg,https://sortir.besancon.fr/evenement/liane-foly/
Franjo (humour),2024-10-24T00:00:00+02:00,N/A,"Il vous a sûrement fait rire sur internet, vous allez rire au moins 20 fois plus si vous venez voir son spectacle !",Petit Kursaal,2 Place du Théâtre,Besançon,25000,France,NG productions,https://ngproductions.fr/spectacle/franjo/65b8b60e7b721/,Spectacle,https://sortir.besancon.fr/wp-content/uploads/2023/08/Template-Affiche-Siteweb-Franjo.jpg,https://sortir.besancon.fr/evenement/franjo-humour/
Sur les traces de La Pérouse,2024-05-14T00:00:00+02:00,2024-06-28T23:59:59+02:00,Jeu de piste autour d’une expédition. Dans le cadre de l’exposition « Dessine-moi ta planète » de la Citadelle.,Médiathèque Pierre Bayle,"27, Avenue de la République",Besançon,25000,France,Bibliothèques municipales de Besançon,https://bibliotheques.besancon.fr/,"Jeune Public, Loisirs",https://sortir.besancon.fr/wp-content/uploads/2024/03/1-14.jpg,https://sortir.besancon.fr/evenement/sur-les-traces-de-la-perouse/
Bain musical (0-4 ans),2024-06-05T00:00:00+02:00,2024-06-08T23:59:59+02:00,"Plongée dans la musique avec le tout-petit: jeux de doigts, chansons à gestes, découverte d’instruments, histoires musicales, rondes, etc.",Le Bastion,"16, avenue Gaulard",Besançon,25000,France,Association le Bastion,N/A,"Jeune Public, Loisirs",https://sortir.besancon.fr/wp-content/uploads/2023/07/CARRE_ADK.jpg,https://sortir.besancon.fr/evenement/bain-musical-0-4-ans/2024-06-05/
Atelier Dessin : portrait Renaissance,2024-06-05T00:00:00+02:00,2024-06-08T23:59:59+02:00,"Après une initiation aux techniques fondamentales du dessin : observation, esquisse, proportion, ombre et lumière, texture… réalise ton autoportrait et sublime-le à la sauce Renaissance !",Musée des Beaux-arts et d’Archéologie,"1, place de la Révolution",Besançon,25000,France,Musée des Beaux-Arts et d’Archéologie,N/A,Jeune Public,https://sortir.besancon.fr/wp-content/uploads/2024/05/3-7.jpg,https://sortir.besancon.fr/evenement/atelier-dessin-portrait-renaissance/2024-06-05/
Visite de la ferme et atelier « trace d’animaux en plâtre »,2024-06-05T00:00:00+02:00,2024-06-08T23:59:59+02:00,"Après une visite de la ferme et un petit gouter fermier, vous pourrez participer à un atelier de découverte des traces d’animaux de la ferme et de la fabrication d’une trace de votre animal préféré en plâtre.",La ferme de Malpas,ile de Malpas 68 chemin de Mazagran,Besançon,25000,N/A,la ferme de Malpas,https://www.lafermedemalpas.fr/reservez-votre-visite-grand-public/,"Jeune Public, Visites",https://sortir.besancon.fr/wp-content/uploads/2024/05/Empreintes3.jpg,https://sortir.besancon.fr/evenement/visite-de-la-ferme-et-atelier-trace-danimaux-en-platre/
Biergarten du Bastion : 40 ans,2024-06-07T00:00:00+02:00,2024-06-09T23:59:59+02:00,"Trois jours de festivité du 07 au 09 juin pour célébrer la scène locale et régionale, le tout à l’intérieur et aux abords du Bastion.",Le Bastion,"16, avenue Gaulard",Besançon,25000,France,Association le Bastion,https://www.facebook.com/events/815373390463512/?ref=newsfeed,"Jeune Public, Loisirs",https://sortir.besancon.fr/wp-content/uploads/2024/05/441640959_841131618048222_3549664832109149737_n.jpg,https://sortir.besancon.fr/evenement/biergarten-du-bastion-40-ans/
Réalisation d’un herbier,2024-06-08T00:00:00+02:00,2024-06-08T23:59:59+02:00,Dans le cadre de l’exposition « Dessine-moi ta planète » de la Citadelle.,Médiathèque Pierre Bayle,"27, Avenue de la République",Besançon,25000,France,Bibliothèques municipales de Besançon,https://bibliotheques.besancon.fr/,"Jeune Public, Loisirs",https://sortir.besancon.fr/wp-content/uploads/2024/03/1-14.jpg,https://sortir.besancon.fr/evenement/realisation-dun-herbier/
Atelier Cyanotype « crée ton affiche » | Biergarten des 40 ans,2024-06-09T00:00:00+02:00,2024-06-08T23:59:59+02:00,"Le Biergarten du Bastion, c’est aussi pour les familles !",Le Bastion,"16, avenue Gaulard",Besançon,25000,France,Le Bastion,N/A,Jeune Public,https://sortir.besancon.fr/wp-content/uploads/2024/05/WEB_FOCUS_CARRE_ATELIERS_CYANOTYPE-scaled.jpg,https://sortir.besancon.fr/evenement/atelier-cyanotype-cree-ton-affiche-biergarten-des-40-ans/
Éveil tout-petits (18 mois – 3 ans),2024-06-09T00:00:00+02:00,2024-06-08T23:59:59+02:00,"Ici on scrute les animaux dans un ou deux tableaux, avec des bruits, des comptines, des histoires, des marionnettes…",Musée des Beaux-arts et d’Archéologie,"1, place de la Révolution",Besançon,25000,France,Musée des Beaux-Arts et d’Archéologie,N/A,Jeune Public,https://sortir.besancon.fr/wp-content/uploads/2021/06/188040082_4533246390036738_7195393596825083453_n-e1671175782271.jpg,https://sortir.besancon.fr/evenement/visite-guidee-tout-petits-18-mois-3-ans/2024-06-09/
Visite de la ferme et atelier « kokedema »,2024-06-12T00:00:00+02:00,2024-06-08T23:59:59+02:00,"Après une visite de la ferme et un petit goûter fermier, vous pourrez participer à un atelier « kokedema » afin de fabriquer un pot de fleur personnalisé et naturel en argile et mousse.",La ferme de Malpas,ile de Malpas 68 chemin de Mazagran,Besançon,25000,N/A,la ferme de Malpas,https://www.lafermedemalpas.fr/reservez-votre-visite-grand-public/,"Jeune Public, Visites",https://sortir.besancon.fr/wp-content/uploads/2024/05/kokedama.jpg,https://sortir.besancon.fr/evenement/visite-de-la-ferme-et-atelier-kokedema/
Atelier fabrication d’un arbre des saisons,2024-06-15T00:00:00+02:00,2024-06-08T23:59:59+02:00,"Le monde autour de nous change au fil de l’année et des saisons. Lors de l’atelier, les tout-petits fabriqueront un arbre des saisons qui les accompagnera tout au long de leur voyage à travers l’année.",Musée du Temps,96 Grande Rue,Besançon,25000,France,Musée du Temps,N/A,Jeune Public,https://sortir.besancon.fr/wp-content/uploads/2024/05/IMG_6324-scaled.jpg,https://sortir.besancon.fr/evenement/atelier-fabrication-dun-arbre-des-saisons/2024-06-15/
Atelier moulage méduse,2024-06-16T00:00:00+02:00,2024-06-08T23:59:59+02:00,"Méduse, la Vouivre, Hercule ou Œdipe, découvre à travers les œuvres du Musée les mythes antiques, les légendes, les héros et les monstres qui les peuplent,  puis fabrique ta tête de méduse en argile.",Musée des Beaux-arts et d’Archéologie,"1, place de la Révolution",Besançon,25000,France,Musée des Beaux-Arts et d’Archéologie,N/A,"Jeune Public, Visites",https://sortir.besancon.fr/wp-content/uploads/2024/03/4.mosaique-meduse-detail-MBAA.jpg,https://sortir.besancon.fr/evenement/vacances-au-musee-mythes-et-legendes/2024-06-16/
Visite de la ferme et atelier « peinture végétale »,2024-06-16T00:00:00+02:00,2024-06-08T23:59:59+02:00,"Après une visite de la ferme et un petit gouter fermier, vous pourrez participer à un atelier de peinture végétale et apprendre à utiliser les pigments et liants naturels trouvés dans la nature.",La ferme de Malpas,ile de Malpas 68 chemin de Mazagran,Besançon,25000,N/A,la ferme de Malpas,https://www.lafermedemalpas.fr/reservez-votre-visite-grand-public/,"Jeune Public, Visites",https://sortir.besancon.fr/wp-content/uploads/2024/05/peinturevegetaleveirmagazine-674x1024-1.jpg,https://sortir.besancon.fr/evenement/visite-de-la-ferme-et-atelier-peinture-vegetale/
Berceuses et bercement – Séances d’éveil musical,2024-06-18T00:00:00+02:00,N/A,"Venez partager un temps de berceuses et d’échanges  en famille, pour les enfants jusqu’à 3 ans, ouvert aux femmes enceintes.",Médiathèque Aimé Césaire,"61, rue Mirabeau",Besançon,25000,France,Association Coccinote,https://www.coccinote.com/,Jeune Public,https://sortir.besancon.fr/wp-content/uploads/2024/01/Sortir-evenement.jpg,https://sortir.besancon.fr/evenement/berceuses-et-bercement-seances-deveil-musical/2024-06-18/
Atelier « Par Bricks & Par pain(g) »,2024-06-19T00:00:00+02:00,2024-06-08T23:59:59+02:00,"Avec Bye bye peanuts, duo de plasticiens culinaires composé de Violaine Truchetet & Jean-Baptiste Bonhomme.",La Maison de l’Architecture de Franche-Comté,2 Rue de Pontarlier,Besançon,25000,N/A,Maison de l’Architecture de Franche-Comté,https://www.maisondelarchi-fc.fr/activites/laliment-comme-moyen-de-construction/?utm_source=brevo&utm_campaign=Spcial%20-%20Ateliers%20Jeune%20public%202023-2024&utm_medium=email,"Jeune Public, Loisirs",https://sortir.besancon.fr/wp-content/uploads/2023/08/20210612_132204-carre-530x270-1.jpg,https://sortir.besancon.fr/evenement/atelier-ou-est-victor-es-tu-victor-pastiche/
Atelier Mosaïques,2024-06-19T00:00:00+02:00,2024-06-08T23:59:59+02:00,"« En 50 avant Jésus Christ, toute la Gaule est occupée.",Musée des Beaux-arts et d’Archéologie,"1, place de la Révolution",Besançon,25000,France,Musée des Beaux-Arts et d’Archéologie,N/A,Jeune Public,https://sortir.besancon.fr/wp-content/uploads/2023/11/mosaiques.jpg,https://sortir.besancon.fr/evenement/visite-atelier-mosaique-les-ptits-cailloux-3-6-ans/2024-06-19/
Visite de la ferme et atelier « hôtel à insectes »,2024-06-19T00:00:00+02:00,2024-06-08T23:59:59+02:00,"Après une visite de la ferme et un petit goûter fermier, vous découvrirez les insectes du jardin et vous leur fabriquerez un petit hôtel de balcon à ramener à la maison.",La ferme de Malpas,ile de Malpas 68 chemin de Mazagran,Besançon,25000,N/A,la ferme de Malpas,https://www.lafermedemalpas.fr/reservez-votre-visite-grand-public/,"Jeune Public, Visites",https://sortir.besancon.fr/wp-content/uploads/2024/05/insectes.jpg,https://sortir.besancon.fr/evenement/visite-de-la-ferme-et-atelier-hotel-a-insectes/
Didjier Corrèze pour les enfants + Born Again,2024-06-21T00:00:00+02:00,N/A,"Une fête de la musique intergénérationnelle puisqu’elle célébrera le jeune public, avec un spectacle et une boum orchestrés par l’incomparable Didjier Corrèze.",Terrasse de la Rodia,4 Avenue Chardonnet,Besançon,25000,France,La Rodia,https://larodia.com/agenda/fete-de-la-musique/,"Jeune Public, Spectacle",https://sortir.besancon.fr/wp-content/uploads/2024/04/cha-8542-800x800-1.jpg,https://sortir.besancon.fr/evenement/didjier-correze-pour-les-enfants-born-again/
Atelier Hiéroglyphes,2024-06-23T00:00:00+02:00,2024-06-08T23:59:59+02:00,"Découverte de l’Egypte ancienne et de son écriture si particulière, le hiéroglyphe. Expérimentation en atelier, au calame sur papyrus.",Musée des Beaux-arts et d’Archéologie,"1, place de la Révolution",Besançon,25000,France,Musée des Beaux-Arts et d’Archéologie,N/A,"Jeune Public, Visites",https://sortir.besancon.fr/wp-content/uploads/2024/05/3-4.jpg,https://sortir.besancon.fr/evenement/atelier-hieroglyphes/
Visite de la ferme et atelier « sable magique »,2024-06-23T00:00:00+02:00,2024-06-08T23:59:59+02:00,"Après une visite de la ferme et un petit goûter fermier, vous découvrirez une recette pour fabriquer votre sable magique écologique et repartirez avec un échantillon pour jouer à la maison.",La ferme de Malpas,ile de Malpas 68 chemin de Mazagran,Besançon,25000,N/A,la ferme de Malpas,https://www.lafermedemalpas.fr/reservez-votre-visite-grand-public/,"Jeune Public, Visites",https://sortir.besancon.fr/wp-content/uploads/2024/05/sable-magique-maison.jpg,https://sortir.besancon.fr/evenement/visite-de-la-ferme-et-atelier-sable-magique/
Atelier modelage lampe à huile,2024-06-26T00:00:00+02:00,2024-06-08T23:59:59+02:00,"En parcourant le secteur archéologique du Musée, à travers des éléments de décors et des objets, de la cuisine à la chambre, plonge dans la vie quotidienne des  gallo-romains.",Musée des Beaux-arts et d’Archéologie,"1, place de la Révolution",Besançon,25000,France,Musée des Beaux-Arts et d’Archéologie,N/A,"Jeune Public, Visites",https://sortir.besancon.fr/wp-content/uploads/2024/05/2-3.jpg,https://sortir.besancon.fr/evenement/atelier-modelage-lampe-a-huile/
Visite de la ferme et atelier « mangeoire à oiseaux »,2024-06-26T00:00:00+02:00,2024-06-08T23:59:59+02:00,"Après une visite de la ferme et un petit goûter fermier, vous découvrirez les oiseaux de nos jardins et leur fabriquerez une petite mangeoire à leur installer sur le balcon ou dans le jardin pour l’hiver.",La ferme de Malpas,ile de Malpas 68 chemin de Mazagran,Besançon,25000,N/A,la ferme de Malpas,https://www.lafermedemalpas.fr/reservez-votre-visite-grand-public/,"Jeune Public, Visites",https://sortir.besancon.fr/wp-content/uploads/2024/05/oiseaux.jpg,https://sortir.besancon.fr/evenement/visite-de-la-ferme-et-atelier-mangeoire-a-oiseaux/
Mystères et sortilèges,2024-06-29T00:00:00+02:00,2024-06-08T23:59:59+02:00,Un jeu géant avec de nombreux défis.,Square Élisée Cusenier,N/A,Besançon,25000,France,221 B Animations,https://221banimations.com/events/mysteres-sortileges-besancon/?fbclid=IwZXh0bgNhZW0CMTEAAR1bGH5Wm3OZRPKKM-gTZBUYOgBtaR3yUwO_IqLdi_dilg2tQuYCWuLxSa4_aem_AbKyCyboJ9EMviNOM76q0G8wt2Vqgx5SWLN0JQv7GBrVzCiRaObhrKX5BUcsVrD8CE4Y_qoipm5XNE42JVzyr2gK,"Jeune Public, Loisirs",https://sortir.besancon.fr/wp-content/uploads/2024/05/438238080_120207904960600317_6306563837758503160_n.jpg,https://sortir.besancon.fr/evenement/mysteres-et-sortileges/
Visite famille,2024-06-30T00:00:00+02:00,N/A,"Un musée, qu’est-ce que c’est, qu’est-ce qu’on trouve dedans ? Une sculpture, une mosaïque, c’est fait comment ? Autour d’une sélection d’œuvres, découverte des expositions permanentes ou temporaires en compagnie d’un médiateur. Visite destinée au jeune public accompagné de leurs parents, grands-parents…",Musée des Beaux-arts et d’Archéologie,"1, place de la Révolution",Besançon,25000,France,Musée des Beaux-Arts et d’Archéologie,N/A,"Jeune Public, Visites",https://sortir.besancon.fr/wp-content/uploads/2024/05/Visite-famille-MBAA.jpg,https://sortir.besancon.fr/evenement/visite-famille/2024-06-30/
Visite de la ferme et atelier « tableau en laine »,2024-06-30T00:00:00+02:00,2024-06-08T23:59:59+02:00,"Après une visite de la ferme et un petit goûter fermier, vous découvrirez les mystères de la laine et fabriquerez un petit tableau bois/laine à ramener à la maison.",La ferme de Malpas,ile de Malpas 68 chemin de Mazagran,Besançon,25000,N/A,la ferme de Malpas,https://www.lafermedemalpas.fr/reservez-votre-visite-grand-public/,"Jeune Public, Visites",https://sortir.besancon.fr/wp-content/uploads/2024/05/tableau-laine.jpg,https://sortir.besancon.fr/evenement/visite-de-la-ferme-et-atelier-tableau-en-laine/
Berceuses et bercement – Séances d’éveil musical,2024-07-02T00:00:00+02:00,N/A,"Venez partager un temps de berceuses et d’échanges  en famille, pour les enfants jusqu’à 3 ans, ouvert aux femmes enceintes.",Médiathèque Aimé Césaire,"61, rue Mirabeau",Besançon,25000,France,Association Coccinote,https://www.coccinote.com/,Jeune Public,https://sortir.besancon.fr/wp-content/uploads/2024/01/Sortir-evenement.jpg,https://sortir.besancon.fr/evenement/berceuses-et-bercement-seances-deveil-musical/2024-07-02/
Bain musical (0-4 ans),2024-07-03T00:00:00+02:00,2024-06-08T23:59:59+02:00,"Plongée dans la musique avec le tout-petit: jeux de doigts, chansons à gestes, découverte d’instruments, histoires musicales, rondes, etc.",Le Bastion,"16, avenue Gaulard",Besançon,25000,France,Association le Bastion,N/A,"Jeune Public, Loisirs",https://sortir.besancon.fr/wp-content/uploads/2023/07/CARRE_ADK.jpg,https://sortir.besancon.fr/evenement/bain-musical-0-4-ans/2024-07-03/
Atelier confection d’un herbier,2024-07-03T00:00:00+02:00,2024-06-08T23:59:59+02:00,Visite-atelier créatif. Pour les 3-6 ans.,Musée des Beaux-arts et d’Archéologie,"1, place de la Révolution",Besançon,25000,France,Musée des Beaux-Arts et d’Archéologie,N/A,"Jeune Public, Visites",https://sortir.besancon.fr/wp-content/uploads/2023/12/1-6.jpg,https://sortir.besancon.fr/evenement/vacances-au-musee-mon-petit-herbier-2/2024-07-03/
Visite de la ferme et atelier « savon miel et lait de chèvre »,2024-07-03T00:00:00+02:00,2024-06-08T23:59:59+02:00,"Après une visite de la ferme et un petit goûter fermier, vous pourrez fabriquer un petit savon aux produits de la ferme : lait de chèvre pour la douceur et miel pour ses propriétés antiseptiques.",La ferme de Malpas,ile de Malpas 68 chemin de Mazagran,Besançon,25000,N/A,la ferme de Malpas,https://www.lafermedemalpas.fr/reservez-votre-visite-grand-public/,"Jeune Public, Visites",https://sortir.besancon.fr/wp-content/uploads/2024/05/savons.jpg,https://sortir.besancon.fr/evenement/visite-de-la-ferme-et-atelier-savon-miel-et-lait-de-chevre/
Visite de la ferme et atelier « pompons en laine »,2024-07-07T00:00:00+02:00,2024-06-08T23:59:59+02:00,"Après une visite de la ferme et un petit goûter fermier, vous pourrez fabriquer des petits pompons en laine et leur donner la forme de différents animaux de la ferme.",La ferme de Malpas,ile de Malpas 68 chemin de Mazagran,Besançon,25000,N/A,la ferme de Malpas,https://www.lafermedemalpas.fr/reservez-votre-visite-grand-public/,"Jeune Public, Visites",https://sortir.besancon.fr/wp-content/uploads/2024/05/pompon.jpg,https://sortir.besancon.fr/evenement/visite-de-la-ferme-et-atelier-pompons-en-laine/
Vacances au cinéma,2024-07-08T00:00:00+02:00,2024-07-12T23:59:59+02:00,"Désormais, les vacances au cinéma c’est aussi l’été. Ce nouveau rendez-vous démarre début juillet, pour une semaine de rires, d’émotions et de douceur, ça, ça ne change pas !",Espace des 2 Scènes,3 Place de l'Europe,Besançon,25000,France,Les 2 Scènes,https://les2scenes.fr/cinema/lete-au-cinema-2024,"Jeune Public, Loisirs",https://sortir.besancon.fr/wp-content/uploads/2024/05/petit-chat-3.jpg,https://sortir.besancon.fr/evenement/vacances-au-cinema-2/
Stage de cirque,2024-07-08T00:00:00+02:00,2024-07-09T23:59:59+02:00,"Dans l’ancienne salle de l’école du Cirque Plume, sur deux matinées, c’est l’occasion d’explorer l’univers circassien, d’éveiller son imaginaire, d’affûter ses sensations et de rencontrer un nouveau groupe de copains et de copines !",Passe-Muraille,"37, rue Battant",Besançon,25000,France,Passe-Muraille,https://www.passe-muraille.org/pre-inscription/categorie/stages-enfants/,"Jeune Public, Loisirs",https://sortir.besancon.fr/wp-content/uploads/2024/05/Plaquette-stages-fevrier.01.jpg,https://sortir.besancon.fr/evenement/stage-de-cirque/
Éveil tout-petits (18 mois – 3 ans),2024-07-08T00:00:00+02:00,2024-06-08T23:59:59+02:00,"Ici on scrute les animaux dans un ou deux tableaux, avec des bruits, des comptines, des histoires, des marionnettes…",Musée des Beaux-arts et d’Archéologie,"1, place de la Révolution",Besançon,25000,France,Musée des Beaux-Arts et d’Archéologie,N/A,Jeune Public,https://sortir.besancon.fr/wp-content/uploads/2021/06/188040082_4533246390036738_7195393596825083453_n-e1671175782271.jpg,https://sortir.besancon.fr/evenement/visite-guidee-tout-petits-18-mois-3-ans/2024-07-08/
Atelier fabrication d’un arbre des saisons,2024-07-09T00:00:00+02:00,2024-06-08T23:59:59+02:00,"Le monde autour de nous change au fil de l’année et des saisons. Lors de l’atelier, les tout-petits fabriqueront un arbre des saisons qui les accompagnera tout au long de leur voyage à travers l’année.",Musée du Temps,96 Grande Rue,Besançon,25000,France,Musée du Temps,N/A,Jeune Public,https://sortir.besancon.fr/wp-content/uploads/2024/05/IMG_6324-scaled.jpg,https://sortir.besancon.fr/evenement/atelier-fabrication-dun-arbre-des-saisons/2024-07-09/
Stage de cirque,2024-07-10T00:00:00+02:00,2024-07-12T23:59:59+02:00,"Dans l’ancienne salle de l’école du Cirque Plume, sur trois matinées, c’est l’occasion d’explorer l’univers circassien, d’éveiller son imaginaire, d’affûter ses sensations et de rencontrer un nouveau groupe de copains et de copines !",Passe-Muraille,"37, rue Battant",Besançon,25000,France,Passe-Muraille,https://www.passe-muraille.org/pre-inscription/categorie/stages-enfants/,"Jeune Public, Loisirs",https://sortir.besancon.fr/wp-content/uploads/2024/05/Plaquette-stages-fevrier.01.jpg,https://sortir.besancon.fr/evenement/stage-de-cirque-3/
Berceuses et bercement – Séances d’éveil musical,2024-07-10T00:00:00+02:00,N/A,"Venez partager un temps de berceuses et d’échanges  en famille, pour les enfants jusqu’à 3 ans, ouvert aux femmes enceintes.",Médiathèque Aimé Césaire,"61, rue Mirabeau",Besançon,25000,France,Association Coccinote,https://www.coccinote.com/,Jeune Public,https://sortir.besancon.fr/wp-content/uploads/2024/01/Sortir-evenement.jpg,https://sortir.besancon.fr/evenement/berceuses-et-bercement-seances-deveil-musical/2024-07-10/
Visite-atelier : « Sacré scarabée » ! 3-6 ANS,2024-07-10T00:00:00+02:00,2024-06-08T23:59:59+02:00,"Après une visite découverte de l’Egypte ancienne, les enfants réaliseront un moulage en argile d’un scarabée égyptien.",Musée des Beaux-arts et d’Archéologie,"1, place de la Révolution",Besançon,25000,France,Musée des Beaux-Arts et d’Archéologie,N/A,"Jeune Public, Visites",https://sortir.besancon.fr/wp-content/uploads/2023/01/MBAA-e1674569761400.jpg,https://sortir.besancon.fr/evenement/visite-atelier-sacre-scarabee-3-6-ans/2024-07-10/
Berceuses et bercement – Séances d’éveil musical,2024-07-11T00:00:00+02:00,N/A,"Venez partager un temps de berceuses et d’échanges  en famille, pour les enfants jusqu’à 3 ans, ouvert aux femmes enceintes.",Médiathèque Aimé Césaire,"61, rue Mirabeau",Besançon,25000,France,Association Coccinote,https://www.coccinote.com/,Jeune Public,https://sortir.besancon.fr/wp-content/uploads/2024/01/Sortir-evenement.jpg,https://sortir.besancon.fr/evenement/berceuses-et-bercement-seances-deveil-musical/2024-07-11/
Atelier de cirque en famille,2024-07-13T00:00:00+02:00,2024-06-08T23:59:59+02:00,Atelier à destination des enfants nés entre 2013 et 2021 et leur famille !,Chapiteau – Passe-Muraille,2E RUE DU BARLOT,Besançon,25000,N/A,Passe-Muraille,https://www.passe-muraille.org/pre-inscription/categorie/stages-enfants/,"Jeune Public, Loisirs",https://sortir.besancon.fr/wp-content/uploads/2024/05/Plaquette-stages-fevrier.01.jpg,https://sortir.besancon.fr/evenement/atelier-de-cirque-en-famille-3/
Visite famille,2024-07-15T00:00:00+02:00,N/A,"Un musée, qu’est-ce que c’est, qu’est-ce qu’on trouve dedans ? Une sculpture, une mosaïque, c’est fait comment ? Autour d’une sélection d’œuvres, découverte des expositions permanentes ou temporaires en compagnie d’un médiateur. Visite destinée au jeune public accompagné de leurs parents, grands-parents…",Musée des Beaux-arts et d’Archéologie,"1, place de la Révolution",Besançon,25000,France,Musée des Beaux-Arts et d’Archéologie,N/A,"Jeune Public, Visites",https://sortir.besancon.fr/wp-content/uploads/2024/05/Visite-famille-MBAA.jpg,https://sortir.besancon.fr/evenement/visite-famille/2024-07-15/
Atelier Mosaïques,2024-07-17T00:00:00+02:00,2024-06-08T23:59:59+02:00,"« En 50 avant Jésus Christ, toute la Gaule est occupée.",Musée des Beaux-arts et d’Archéologie,"1, place de la Révolution",Besançon,25000,France,Musée des Beaux-Arts et d’Archéologie,N/A,Jeune Public,https://sortir.besancon.fr/wp-content/uploads/2023/11/mosaiques.jpg,https://sortir.besancon.fr/evenement/visite-atelier-mosaique-les-ptits-cailloux-3-6-ans/2024-07-17/
Atelier Calligraphie-Lettrines,2024-07-18T00:00:00+02:00,2024-06-08T23:59:59+02:00,"En s’inspirant du Livre de prières de l’empereur Maximilien 1er, chef-d’œuvre du patrimoine bisontin conservé à la bibliothèque municipale et visible exceptionnellement à l’occasion de l’exposition « Made in Germany », réalise et décore ta propre lettrine.",Musée des Beaux-arts et d’Archéologie,"1, place de la Révolution",Besançon,25000,France,Musée des Beaux-Arts et d’Archéologie,N/A,Jeune Public,https://sortir.besancon.fr/wp-content/uploads/2024/05/lena.jpg,https://sortir.besancon.fr/evenement/atelier-calligraphie-lettrines/2024-07-18/
Éveil tout-petits (18 mois – 3 ans),2024-07-22T00:00:00+02:00,2024-06-08T23:59:59+02:00,"Ici on scrute les animaux dans un ou deux tableaux, avec des bruits, des comptines, des histoires, des marionnettes…",Musée des Beaux-arts et d’Archéologie,"1, place de la Révolution",Besançon,25000,France,Musée des Beaux-Arts et d’Archéologie,N/A,Jeune Public,https://sortir.besancon.fr/wp-content/uploads/2021/06/188040082_4533246390036738_7195393596825083453_n-e1671175782271.jpg,https://sortir.besancon.fr/evenement/visite-guidee-tout-petits-18-mois-3-ans/2024-07-22/
Atelier fabrication d’un semainier,2024-07-23T00:00:00+02:00,2024-06-08T23:59:59+02:00,Pas facile pour les tout-petits de comprendre la succession des moments de la journée et des jours de la semaine. À vos ciseaux et tampons pour fabriquer ensemble un joyeux semainier pour se repérer plus facilement dans le temps !,Musée du Temps,96 Grande Rue,Besançon,25000,France,Musée du Temps,N/A,Jeune Public,https://sortir.besancon.fr/wp-content/uploads/2024/05/4.jpg,https://sortir.besancon.fr/evenement/atelier-fabrication-dun-semainier/2024-07-23/
Atelier modelage de chouette,2024-07-24T00:00:00+02:00,2024-06-08T23:59:59+02:00,"Une statue, c’est taillé dans la pierre ou dans le bois, ou ça peut être modelé dans la terre avec ses petits doigts. Découverte de sculptures de musées et manipulation de moulages et d’argile.",Musée des Beaux-arts et d’Archéologie,"1, place de la Révolution",Besançon,25000,France,Musée des Beaux-Arts et d’Archéologie,N/A,Jeune Public,https://sortir.besancon.fr/wp-content/uploads/2024/05/Vacances-au-musee-A-laise-glaise-3-6-ans.jpg,https://sortir.besancon.fr/evenement/atelier-modelage-de-chouette/2024-07-24/
Atelier Dessin : portrait Renaissance,2024-07-25T00:00:00+02:00,2024-06-08T23:59:59+02:00,"Après une initiation aux techniques fondamentales du dessin : observation, esquisse, proportion, ombre et lumière, texture… réalise ton autoportrait et sublime-le à la sauce Renaissance !",Musée des Beaux-arts et d’Archéologie,"1, place de la Révolution",Besançon,25000,France,Musée des Beaux-Arts et d’Archéologie,N/A,Jeune Public,https://sortir.besancon.fr/wp-content/uploads/2024/05/3-7.jpg,https://sortir.besancon.fr/evenement/atelier-dessin-portrait-renaissance/2024-07-25/
Visite famille,2024-07-29T00:00:00+02:00,N/A,"Un musée, qu’est-ce que c’est, qu’est-ce qu’on trouve dedans ? Une sculpture, une mosaïque, c’est fait comment ? Autour d’une sélection d’œuvres, découverte des expositions permanentes ou temporaires en compagnie d’un médiateur. Visite destinée au jeune public accompagné de leurs parents, grands-parents…",Musée des Beaux-arts et d’Archéologie,"1, place de la Révolution",Besançon,25000,France,Musée des Beaux-Arts et d’Archéologie,N/A,"Jeune Public, Visites",https://sortir.besancon.fr/wp-content/uploads/2024/05/Visite-famille-MBAA.jpg,https://sortir.besancon.fr/evenement/visite-famille/2024-07-29/
Atelier fabrication d’un calendrier perpétuel,2024-07-30T00:00:00+02:00,2024-06-08T23:59:59+02:00,D’où viennent les saisons ? Comment se déroule une année ? Comment se mesure le temps ? Visite découverte autour des collections suivie d’un atelier où chacun fabriquera un calendrier perpétuel.,Musée du Temps,96 Grande Rue,Besançon,25000,France,Musée du Temps,N/A,Jeune Public,https://sortir.besancon.fr/wp-content/uploads/2024/05/3-5.jpg,https://sortir.besancon.fr/evenement/atelier-fabrication-dun-calendrier-perpetuel/2024-07-30/
Atelier moulage méduse,2024-07-31T00:00:00+02:00,2024-06-08T23:59:59+02:00,"Méduse, la Vouivre, Hercule ou Œdipe, découvre à travers les œuvres du Musée les mythes antiques, les légendes, les héros et les monstres qui les peuplent,  puis fabrique ta tête de méduse en argile.",Musée des Beaux-arts et d’Archéologie,"1, place de la Révolution",Besançon,25000,France,Musée des Beaux-Arts et d’Archéologie,N/A,"Jeune Public, Visites",https://sortir.besancon.fr/wp-content/uploads/2024/03/4.mosaique-meduse-detail-MBAA.jpg,https://sortir.besancon.fr/evenement/vacances-au-musee-mythes-et-legendes/2024-07-31/
Éveil tout-petits (18 mois – 3 ans),2024-08-05T00:00:00+02:00,2024-06-08T23:59:59+02:00,"Ici on scrute les animaux dans un ou deux tableaux, avec des bruits, des comptines, des histoires, des marionnettes…",Musée des Beaux-arts et d’Archéologie,"1, place de la Révolution",Besançon,25000,France,Musée des Beaux-Arts et d’Archéologie,N/A,Jeune Public,https://sortir.besancon.fr/wp-content/uploads/2021/06/188040082_4533246390036738_7195393596825083453_n-e1671175782271.jpg,https://sortir.besancon.fr/evenement/visite-guidee-tout-petits-18-mois-3-ans/2024-08-05/
Atelier fabrication d’un arbre des saisons,2024-08-06T00:00:00+02:00,2024-06-08T23:59:59+02:00,"Le monde autour de nous change au fil de l’année et des saisons. Lors de l’atelier, les tout-petits fabriqueront un arbre des saisons qui les accompagnera tout au long de leur voyage à travers l’année.",Musée du Temps,96 Grande Rue,Besançon,25000,France,Musée du Temps,N/A,Jeune Public,https://sortir.besancon.fr/wp-content/uploads/2024/05/IMG_6324-scaled.jpg,https://sortir.besancon.fr/evenement/atelier-fabrication-dun-arbre-des-saisons/2024-08-06/
Atelier confection d’un herbier,2024-08-07T00:00:00+02:00,2024-06-08T23:59:59+02:00,Visite-atelier créatif. Pour les 3-6 ans.,Musée des Beaux-arts et d’Archéologie,"1, place de la Révolution",Besançon,25000,France,Musée des Beaux-Arts et d’Archéologie,N/A,"Jeune Public, Visites",https://sortir.besancon.fr/wp-content/uploads/2023/12/1-6.jpg,https://sortir.besancon.fr/evenement/vacances-au-musee-mon-petit-herbier-2/2024-08-07/
Atelier Calligraphie-Lettrines,2024-08-08T00:00:00+02:00,2024-06-08T23:59:59+02:00,"En s’inspirant du Livre de prières de l’empereur Maximilien 1er, chef-d’œuvre du patrimoine bisontin conservé à la bibliothèque municipale et visible exceptionnellement à l’occasion de l’exposition « Made in Germany », réalise et décore ta propre lettrine.",Musée des Beaux-arts et d’Archéologie,"1, place de la Révolution",Besançon,25000,France,Musée des Beaux-Arts et d’Archéologie,N/A,Jeune Public,https://sortir.besancon.fr/wp-content/uploads/2024/05/lena.jpg,https://sortir.besancon.fr/evenement/atelier-calligraphie-lettrines/2024-08-08/
Visite famille,2024-08-12T00:00:00+02:00,N/A,"Un musée, qu’est-ce que c’est, qu’est-ce qu’on trouve dedans ? Une sculpture, une mosaïque, c’est fait comment ? Autour d’une sélection d’œuvres, découverte des expositions permanentes ou temporaires en compagnie d’un médiateur. Visite destinée au jeune public accompagné de leurs parents, grands-parents…",Musée des Beaux-arts et d’Archéologie,"1, place de la Révolution",Besançon,25000,France,Musée des Beaux-Arts et d’Archéologie,N/A,"Jeune Public, Visites",https://sortir.besancon.fr/wp-content/uploads/2024/05/Visite-famille-MBAA.jpg,https://sortir.besancon.fr/evenement/visite-famille/2024-08-12/
Visite-atelier : « Sacré scarabée » ! 3-6 ANS,2024-08-14T00:00:00+02:00,2024-06-08T23:59:59+02:00,"Après une visite découverte de l’Egypte ancienne, les enfants réaliseront un moulage en argile d’un scarabée égyptien.",Musée des Beaux-arts et d’Archéologie,"1, place de la Révolution",Besançon,25000,France,Musée des Beaux-Arts et d’Archéologie,N/A,"Jeune Public, Visites",https://sortir.besancon.fr/wp-content/uploads/2023/01/MBAA-e1674569761400.jpg,https://sortir.besancon.fr/evenement/visite-atelier-sacre-scarabee-3-6-ans/2024-08-14/
Atelier Dessin : portrait Renaissance,2024-08-15T00:00:00+02:00,2024-06-08T23:59:59+02:00,"Après une initiation aux techniques fondamentales du dessin : observation, esquisse, proportion, ombre et lumière, texture… réalise ton autoportrait et sublime-le à la sauce Renaissance !",Musée des Beaux-arts et d’Archéologie,"1, place de la Révolution",Besançon,25000,France,Musée des Beaux-Arts et d’Archéologie,N/A,Jeune Public,https://sortir.besancon.fr/wp-content/uploads/2024/05/3-7.jpg,https://sortir.besancon.fr/evenement/atelier-dessin-portrait-renaissance/2024-08-15/
Éveil tout-petits (18 mois – 3 ans),2024-08-19T00:00:00+02:00,2024-06-08T23:59:59+02:00,"Ici on scrute les animaux dans un ou deux tableaux, avec des bruits, des comptines, des histoires, des marionnettes…",Musée des Beaux-arts et d’Archéologie,"1, place de la Révolution",Besançon,25000,France,Musée des Beaux-Arts et d’Archéologie,N/A,Jeune Public,https://sortir.besancon.fr/wp-content/uploads/2021/06/188040082_4533246390036738_7195393596825083453_n-e1671175782271.jpg,https://sortir.besancon.fr/evenement/visite-guidee-tout-petits-18-mois-3-ans/2024-08-19/
Atelier fabrication d’un semainier,2024-08-20T00:00:00+02:00,2024-06-08T23:59:59+02:00,Pas facile pour les tout-petits de comprendre la succession des moments de la journée et des jours de la semaine. À vos ciseaux et tampons pour fabriquer ensemble un joyeux semainier pour se repérer plus facilement dans le temps !,Musée du Temps,96 Grande Rue,Besançon,25000,France,Musée du Temps,N/A,Jeune Public,https://sortir.besancon.fr/wp-content/uploads/2024/05/4.jpg,https://sortir.besancon.fr/evenement/atelier-fabrication-dun-semainier/2024-08-20/
Atelier modelage de chouette,2024-08-21T00:00:00+02:00,2024-06-08T23:59:59+02:00,"Une statue, c’est taillé dans la pierre ou dans le bois, ou ça peut être modelé dans la terre avec ses petits doigts. Découverte de sculptures de musées et manipulation de moulages et d’argile.",Musée des Beaux-arts et d’Archéologie,"1, place de la Révolution",Besançon,25000,France,Musée des Beaux-Arts et d’Archéologie,N/A,Jeune Public,https://sortir.besancon.fr/wp-content/uploads/2024/05/Vacances-au-musee-A-laise-glaise-3-6-ans.jpg,https://sortir.besancon.fr/evenement/atelier-modelage-de-chouette/2024-08-21/
Visite famille,2024-08-26T00:00:00+02:00,N/A,"Un musée, qu’est-ce que c’est, qu’est-ce qu’on trouve dedans ? Une sculpture, une mosaïque, c’est fait comment ? Autour d’une sélection d’œuvres, découverte des expositions permanentes ou temporaires en compagnie d’un médiateur. Visite destinée au jeune public accompagné de leurs parents, grands-parents…",Musée des Beaux-arts et d’Archéologie,"1, place de la Révolution",Besançon,25000,France,Musée des Beaux-Arts et d’Archéologie,N/A,"Jeune Public, Visites",https://sortir.besancon.fr/wp-content/uploads/2024/05/Visite-famille-MBAA.jpg,https://sortir.besancon.fr/evenement/visite-famille/2024-08-26/
Atelier fabrication d’un calendrier perpétuel,2024-08-27T00:00:00+02:00,2024-06-08T23:59:59+02:00,D’où viennent les saisons ? Comment se déroule une année ? Comment se mesure le temps ? Visite découverte autour des collections suivie d’un atelier où chacun fabriquera un calendrier perpétuel.,Musée du Temps,96 Grande Rue,Besançon,25000,France,Musée du Temps,N/A,Jeune Public,https://sortir.besancon.fr/wp-content/uploads/2024/05/3-5.jpg,https://sortir.besancon.fr/evenement/atelier-fabrication-dun-calendrier-perpetuel/2024-08-27/
Atelier Mosaïques,2024-08-28T00:00:00+02:00,2024-06-08T23:59:59+02:00,"« En 50 avant Jésus Christ, toute la Gaule est occupée.",Musée des Beaux-arts et d’Archéologie,"1, place de la Révolution",Besançon,25000,France,Musée des Beaux-Arts et d’Archéologie,N/A,Jeune Public,https://sortir.besancon.fr/wp-content/uploads/2023/11/mosaiques.jpg,https://sortir.besancon.fr/evenement/visite-atelier-mosaique-les-ptits-cailloux-3-6-ans/2024-08-28/
Atelier Calligraphie-Lettrines,2024-08-29T00:00:00+02:00,2024-06-08T23:59:59+02:00,"En s’inspirant du Livre de prières de l’empereur Maximilien 1er, chef-d’œuvre du patrimoine bisontin conservé à la bibliothèque municipale et visible exceptionnellement à l’occasion de l’exposition « Made in Germany », réalise et décore ta propre lettrine.",Musée des Beaux-arts et d’Archéologie,"1, place de la Révolution",Besançon,25000,France,Musée des Beaux-Arts et d’Archéologie,N/A,Jeune Public,https://sortir.besancon.fr/wp-content/uploads/2024/05/lena.jpg,https://sortir.besancon.fr/evenement/atelier-calligraphie-lettrines/2024-08-29/
Visite famille,2024-09-01T00:00:00+02:00,N/A,"Un musée, qu’est-ce que c’est, qu’est-ce qu’on trouve dedans ? Une sculpture, une mosaïque, c’est fait comment ? Autour d’une sélection d’œuvres, découverte des expositions permanentes ou temporaires en compagnie d’un médiateur. Visite destinée au jeune public accompagné de leurs parents, grands-parents…",Musée des Beaux-arts et d’Archéologie,"1, place de la Révolution",Besançon,25000,France,Musée des Beaux-Arts et d’Archéologie,N/A,"Jeune Public, Visites",https://sortir.besancon.fr/wp-content/uploads/2024/05/Visite-famille-MBAA.jpg,https://sortir.besancon.fr/evenement/visite-famille/2024-09-01/
Éveil tout-petits (18 mois – 3 ans),2024-09-08T00:00:00+02:00,2024-06-08T23:59:59+02:00,"Ici on scrute les animaux dans un ou deux tableaux, avec des bruits, des comptines, des histoires, des marionnettes…",Musée des Beaux-arts et d’Archéologie,"1, place de la Révolution",Besançon,25000,France,Musée des Beaux-Arts et d’Archéologie,N/A,Jeune Public,https://sortir.besancon.fr/wp-content/uploads/2021/06/188040082_4533246390036738_7195393596825083453_n-e1671175782271.jpg,https://sortir.besancon.fr/evenement/visite-guidee-tout-petits-18-mois-3-ans/2024-09-08/
Visite-atelier : « Sacré scarabée » ! 3-6 ANS,2024-09-11T00:00:00+02:00,2024-06-08T23:59:59+02:00,"Après une visite découverte de l’Egypte ancienne, les enfants réaliseront un moulage en argile d’un scarabée égyptien.",Musée des Beaux-arts et d’Archéologie,"1, place de la Révolution",Besançon,25000,France,Musée des Beaux-Arts et d’Archéologie,N/A,"Jeune Public, Visites",https://sortir.besancon.fr/wp-content/uploads/2023/01/MBAA-e1674569761400.jpg,https://sortir.besancon.fr/evenement/visite-atelier-sacre-scarabee-3-6-ans/2024-09-11/
Atelier fabrication d’un cadran solaire,2024-09-14T00:00:00+02:00,2024-06-08T23:59:59+02:00,"Les cadrans solaires indiquent le temps avec une énergie gratuite, le Soleil. Ensemble, nous découvrons cet instrument silencieux et efficace, qui existe depuis l’Antiquité. Nous fabriquons un petit modèle inspiré des modèles vus au musée, à partir d’une boîte… de fromage.",Musée du Temps,96 Grande Rue,Besançon,25000,France,Musée du Temps,N/A,Jeune Public,https://sortir.besancon.fr/wp-content/uploads/2024/05/2022-06-18-023-1.jpg,https://sortir.besancon.fr/evenement/atelier-fabrication-dun-cadran-solaire/
Atelier moulage méduse,2024-09-15T00:00:00+02:00,2024-06-08T23:59:59+02:00,"Méduse, la Vouivre, Hercule ou Œdipe, découvre à travers les œuvres du Musée les mythes antiques, les légendes, les héros et les monstres qui les peuplent,  puis fabrique ta tête de méduse en argile.",Musée des Beaux-arts et d’Archéologie,"1, place de la Révolution",Besançon,25000,France,Musée des Beaux-Arts et d’Archéologie,N/A,"Jeune Public, Visites",https://sortir.besancon.fr/wp-content/uploads/2024/03/4.mosaique-meduse-detail-MBAA.jpg,https://sortir.besancon.fr/evenement/vacances-au-musee-mythes-et-legendes/2024-09-15/
Atelier Dessin : portrait Renaissance,2024-09-18T00:00:00+02:00,2024-06-08T23:59:59+02:00,"Après une initiation aux techniques fondamentales du dessin : observation, esquisse, proportion, ombre et lumière, texture… réalise ton autoportrait et sublime-le à la sauce Renaissance !",Musée des Beaux-arts et d’Archéologie,"1, place de la Révolution",Besançon,25000,France,Musée des Beaux-Arts et d’Archéologie,N/A,Jeune Public,https://sortir.besancon.fr/wp-content/uploads/2024/05/3-7.jpg,https://sortir.besancon.fr/evenement/atelier-dessin-portrait-renaissance/2024-09-18/
Atelier Calligraphie-Lettrines,2024-09-22T00:00:00+02:00,2024-06-08T23:59:59+02:00,"En s’inspirant du Livre de prières de l’empereur Maximilien 1er, chef-d’œuvre du patrimoine bisontin conservé à la bibliothèque municipale et visible exceptionnellement à l’occasion de l’exposition « Made in Germany », réalise et décore ta propre lettrine.",Musée des Beaux-arts et d’Archéologie,"1, place de la Révolution",Besançon,25000,France,Musée des Beaux-Arts et d’Archéologie,N/A,Jeune Public,https://sortir.besancon.fr/wp-content/uploads/2024/05/lena.jpg,https://sortir.besancon.fr/evenement/atelier-calligraphie-lettrines/2024-09-22/
Atelier créatif : j’imagine ma terre idéale !,2024-10-23T00:00:00+02:00,2024-06-08T23:59:59+02:00,Dans le cadre de l’exposition « Dessine-moi ta planète » de la Citadelle.,Médiathèque Nelson Mandela,"13, avenue de l'Île-de-France",Besançon,25000,France,Bibliothèques municipales de Besançon,https://bibliotheques.besancon.fr/,"Jeune Public, Loisirs",https://sortir.besancon.fr/wp-content/uploads/2024/03/1-14.jpg,https://sortir.besancon.fr/evenement/atelier-creatif-jimagine-ma-terre-ideale/
Aldebert présente Helldebert,2024-01-19T00:00:00+02:00,N/A,"Aldebert a le secret de la recette magique. Des mélodies d’une efficacité redoutable, des orchestrations ciselées et des sujets ouverts sur le monde, avec ce prisme bien à lui qui parle à toutes les générations. Il réussit la performance d’éveiller l’enfant et de réveiller cette part d’enfance souvent oubliée des adultes.$",Micropolis,3 Boulevard Ouest,Besançon,25000,France,NG productions,https://ngproductions.fr/,"Jeune Public, Spectacle",https://sortir.besancon.fr/wp-content/uploads/2023/11/404039025_896300045644412_898469116264094058_n.jpg,https://sortir.besancon.fr/evenement/aldebert-presente-aldebert/
Le soldat rose,2024-03-29T00:00:00+02:00,N/A,"A l’occasion de ses 15 ans, Le Soldat Rose fait son grand retour sur scène dans une nouvelle mise en scène exceptionnelle en tournée dans toute la France.",Micropolis,3 Boulevard Ouest,Besançon,25000,France,NG productions,https://ngproductions.fr/spectacle/le-soldat-rose/65ddbeec62181/,"Jeune Public, Spectacle",https://sortir.besancon.fr/wp-content/uploads/2024/03/lesoldatrose-siteweb.jpg,https://sortir.besancon.fr/evenement/le-soldat-rose/
